// CatHack boot logo (real asset from github.com/Stachugit/CatHack images/cathack.png)
// 240x135 RGB565, push with tft.setSwapBytes(true); tft.pushImage(0,0,240,135,catboot_img);
#ifndef __CATHACK_BOOT_IMG_H
#define __CATHACK_BOOT_IMG_H
#include <cstdint>

#define CATBOOT_W 240
#define CATBOOT_H 135

const uint16_t catboot_img[32400] = {
  0x1082,0x1082,0x1082,0x1082,0x1082,0x1082,0x1082,0x1082,0x1082,0x1082,0x1082,0x1082,
  0x1082,0x1082,0x1082,0x1082,0x1082,0x1082,0x1082,0x1082,0x1082,0x1082,0x1082,0x1082,
  0x1082,0x1082,0x1082,0x1082,0x1082,0x1082,0x1082,0x1082,0x1082,0x1082,0x1082,0x1082,
  0x1082,0x1082,0x1082,0x1082,0x1082,0x1082,0x1082,0x1082,0x1082,0x1082,0x1082,0x1082,
  0x1082,0x1082,0x1082,0x1082,0x1082,0x1082,0x1082,0x1082,0x1082,0x1082,0x1082,0x1082,
  0x1082,0x1082,0x1082,0x1082,0x1082,0x1082,0x1082,0x1082,0x1082,0x1082,0x1082,0x1082,
  0x1082,0x1082,0x1082,0x1082,0x1082,0x1082,0x1082,0x1082,0x1082,0x1082,0x1082,0x1082,
  0x1082,0x1082,0x1082,0x1082,0x1082,0x1082,0x1082,0x1082,0x1082,0x1082,0x1082,0x1082,
  0x1082,0x1082,0x1082,0x1082,0x1082,0x1082,0x1082,0x1082,0x1082,0x1082,0x1082,0x1082,
  0x1082,0x1082,0x1082,0x1082,0x1082,0x1082,0x1082,0x1082,0x1082,0x1082,0x1082,0x1082,
  0x1082,0x1082,0x1082,0x1082,0x1082,0x1082,0x1082,0x1082,0x1082,0x1082,0x1082,0x1082,
  0x1082,0x1082,0x1082,0x1082,0x1082,0x1082,0x1082,0x1082,0x1082,0x1082,0x1082,0x1082,
  0x1082,0x1082,0x1082,0x1082,0x1082,0x1082,0x1082,0x1082,0x1082,0x1082,0x1082,0x1082,
  0x1082,0x1082,0x1082,0x1082,0x1082,0x1082,0x1082,0x1082,0x1082,0x1082,0x1082,0x1082,
  0x1082,0x1082,0x1082,0x1082,0x1082,0x1082,0x1082,0x1082,0x1082,0x1082,0x1082,0x1082,
  0x1082,0x1082,0x1082,0x1082,0x1082,0x1082,0x1082,0x1082,0x1082,0x1082,0x1082,0x1082,
  0x1082,0x1082,0x1082,0x1082,0x1082,0x1082,0x1082,0x1082,0x1082,0x1082,0x1082,0x1082,
  0x1082,0x1082,0x1082,0x1082,0x1082,0x1082,0x1082,0x1082,0x1082,0x1082,0x1082,0x1082,
  0x1082,0x1082,0x1082,0x1082,0x1082,0x1082,0x1082,0x1082,0x1082,0x1082,0x1082,0x1082,
  0x1082,0x1082,0x1082,0x1082,0x1082,0x1082,0x1082,0x1082,0x1082,0x1082,0x1082,0x1082,
  0x1082,0x1082,0x1082,0x1082,0x1082,0x1082,0x1082,0x1082,0x1082,0x1082,0x1082,0x1082,
  0x1082,0x1082,0x1082,0x1082,0x1082,0x1082,0x1082,0x1082,0x1082,0x1082,0x1082,0x1082,
  0x1082,0x1082,0x1082,0x1082,0x1082,0x1082,0x1082,0x1082,0x1082,0x1082,0x1082,0x1082,
  0x1082,0x1082,0x1082,0x1082,0x1082,0x1082,0x1082,0x1082,0x1082,0x1082,0x1082,0x1082,
  0x1082,0x1082,0x1082,0x1082,0x1082,0x1082,0x1082,0x1082,0x1082,0x1082,0x1082,0x1082,
  0x1082,0x1082,0x1082,0x1082,0x1082,0x1082,0x1082,0x1082,0x1082,0x1082,0x1082,0x1082,
  0x1082,0x1082,0x1082,0x1082,0x1082,0x1082,0x1082,0x1082,0x1082,0x1082,0x1082,0x1082,
  0x1082,0x1082,0x1082,0x1082,0x1082,0x1082,0x1082,0x1082,0x1082,0x1082,0x1082,0x1082,
  0x1082,0x1082,0x1082,0x1082,0x1082,0x1082,0x1082,0x1082,0x1082,0x1082,0x1082,0x1082,
  0x1082,0x1082,0x1082,0x1082,0x1082,0x1082,0x1082,0x1082,0x1082,0x1082,0x1082,0x1082,
  0x1082,0x1082,0x1082,0x1082,0x1082,0x1082,0x1082,0x1082,0x1082,0x1082,0x1082,0x1082,
  0x1082,0x1082,0x1082,0x1082,0x1082,0x1082,0x1082,0x1082,0x1082,0x1082,0x1082,0x1082,
  0x1082,0x1082,0x1082,0x1082,0x1082,0x1082,0x1082,0x1082,0x1082,0x1082,0x1082,0x1082,
  0x1082,0x1082,0x1082,0x1082,0x1082,0x1082,0x1082,0x1082,0x1082,0x1082,0x1082,0x1082,
  0x1082,0x1082,0x1082,0x1082,0x1082,0x1082,0x1082,0x1082,0x1082,0x1082,0x1082,0x1082,
  0x1082,0x1082,0x1082,0x1082,0x1082,0x1082,0x1082,0x1082,0x1082,0x1082,0x1082,0x1082,
  0x1082,0x1082,0x1082,0x1082,0x1082,0x1082,0x1082,0x1082,0x1082,0x1082,0x1082,0x1082,
  0x1082,0x1082,0x1082,0x1082,0x1082,0x1082,0x1082,0x1082,0x1082,0x1082,0x1082,0x1082,
  0x1082,0x1082,0x1082,0x1082,0x1082,0x1082,0x1082,0x1082,0x1082,0x1082,0x1082,0x1082,
  0x1082,0x1082,0x1082,0x1082,0x1082,0x1082,0x1082,0x1082,0x1082,0x1082,0x1082,0x1082,
  0x1082,0x1082,0x1082,0x1082,0x1082,0x1082,0x1082,0x1082,0x1082,0x1082,0x1082,0x1082,
  0x1082,0x1082,0x1082,0x1082,0x1082,0x1082,0x1082,0x1082,0x1082,0x1082,0x1082,0x1082,
  0x1082,0x1082,0x1082,0x1082,0x1082,0x1082,0x1082,0x1082,0x1082,0x1082,0x1082,0x1082,
  0x1082,0x1082,0x1082,0x1082,0x1082,0x1082,0x1082,0x1082,0x1082,0x1082,0x1082,0x1082,
  0x1082,0x1082,0x1082,0x1082,0x1082,0x1082,0x1082,0x1082,0x1082,0x1082,0x1082,0x1082,
  0x1082,0x1082,0x1082,0x1082,0x1082,0x1082,0x1082,0x1082,0x1082,0x1082,0x1082,0x1082,
  0x1082,0x1082,0x1082,0x1082,0x1082,0x1082,0x1082,0x1082,0x1082,0x1082,0x1082,0x1082,
  0x1082,0x1082,0x1082,0x1082,0x1082,0x1082,0x1082,0x1082,0x1082,0x1082,0x1082,0x1082,
  0x1082,0x1082,0x1082,0x1082,0x1082,0x1082,0x1082,0x1082,0x1082,0x1082,0x1082,0x1082,
  0x1082,0x1082,0x1082,0x1082,0x1082,0x1082,0x1082,0x1082,0x1082,0x1082,0x1082,0x1082,
  0x1082,0x1082,0x1082,0x1082,0x1082,0x1082,0x1082,0x1082,0x1082,0x1082,0x1082,0x1082,
  0x1082,0x1082,0x1082,0x1082,0x1082,0x1082,0x1082,0x1082,0x1082,0x1082,0x1082,0x1082,
  0x1082,0x1082,0x1082,0x1082,0x1082,0x1082,0x1082,0x1082,0x1082,0x1082,0x1082,0x1082,
  0x1082,0x1082,0x1082,0x1082,0x1082,0x1082,0x1082,0x1082,0x1082,0x1082,0x1082,0x1082,
  0x1082,0x1082,0x1082,0x1082,0x1082,0x1082,0x1082,0x1082,0x1082,0x1082,0x1082,0x1082,
  0x1082,0x1082,0x1082,0x1082,0x1082,0x1082,0x1082,0x1082,0x1082,0x1082,0x1082,0x1082,
  0x1082,0x1082,0x1082,0x1082,0x1082,0x1082,0x1082,0x1082,0x1082,0x1082,0x1082,0x1082,
  0x1082,0x1082,0x1082,0x1082,0x1082,0x1082,0x1082,0x1082,0x1082,0x1082,0x1082,0x1082,
  0x1082,0x1082,0x1082,0x1082,0x1082,0x1082,0x1082,0x1082,0x1082,0x1082,0x1082,0x1082,
  0x1082,0x1082,0x1082,0x1082,0x1082,0x1082,0x1082,0x1082,0x1082,0x1082,0x1082,0x1082,
  0x1082,0x1082,0x1082,0x1082,0x1082,0x1082,0x1082,0x1082,0x1082,0x1082,0x1082,0x1082,
  0x1082,0x1082,0x1082,0x1082,0x1082,0x1082,0x1082,0x1082,0x1082,0x1082,0x1082,0x1082,
  0x1082,0x1082,0x1082,0x1082,0x1082,0x1082,0x1082,0x1082,0x1082,0x1082,0x1082,0x1082,
  0x1082,0x1082,0x1082,0x1082,0x1082,0x1082,0x1082,0x1082,0x1082,0x1082,0x1082,0x1082,
  0x1082,0x1082,0x1082,0x1082,0x1082,0x1082,0x1082,0x1082,0x1082,0x1082,0x1082,0x1082,
  0x1082,0x1082,0x1082,0x1082,0x1082,0x1082,0x1082,0x1082,0x1082,0x1082,0x1082,0x1082,
  0x1082,0x1082,0x1082,0x1082,0x1082,0x1082,0x1082,0x1082,0x1082,0x1082,0x1082,0x1082,
  0x1082,0x1082,0x1082,0x1082,0x1082,0x1082,0x1082,0x1082,0x1082,0x1082,0x1082,0x1082,
  0x1082,0x1082,0x1082,0x1082,0x1082,0x1082,0x1082,0x1082,0x1082,0x1082,0x1082,0x1082,
  0x1082,0x1082,0x1082,0x1082,0x1082,0x1082,0x1082,0x1082,0x1082,0x1082,0x1082,0x1082,
  0x1082,0x1082,0x1082,0x1082,0x1082,0x1082,0x1082,0x1082,0x1082,0x1082,0x1082,0x1082,
  0x1082,0x1082,0x1082,0x1082,0x1082,0x1082,0x1082,0x1082,0x1082,0x1082,0x1082,0x1082,
  0x1082,0x1082,0x1082,0x1082,0x1082,0x1082,0x1082,0x1082,0x1082,0x1082,0x1082,0x1082,
  0x1082,0x1082,0x1082,0x1082,0x1082,0x1082,0x1082,0x1082,0x1082,0x1082,0x1082,0x1082,
  0x1082,0x1082,0x1082,0x1082,0x1082,0x1082,0x1082,0x1082,0x1082,0x1082,0x1082,0x1082,
  0x1082,0x1082,0x1082,0x1082,0x1082,0x1082,0x1082,0x1082,0x1082,0x1082,0x1082,0x1082,
  0x1082,0x1082,0x1082,0x1082,0x1082,0x1082,0x1082,0x1082,0x1082,0x1082,0x1082,0x1082,
  0x1082,0x1082,0x1082,0x1082,0x1082,0x1082,0x1082,0x1082,0x1082,0x1082,0x1082,0x1082,
  0x1082,0x1082,0x1082,0x1082,0x1082,0x1082,0x1082,0x1082,0x1082,0x1082,0x1082,0x1082,
  0x1082,0x1082,0x1082,0x1082,0x1082,0x1082,0x1082,0x1082,0x1082,0x1082,0x1082,0x1082,
  0x1082,0x1082,0x1082,0x1082,0x1082,0x1082,0x1082,0x1082,0x1082,0x1082,0x1082,0x1082,
  0x1082,0x1082,0x1082,0x1082,0x1082,0x1082,0x1082,0x1082,0x1082,0x1082,0x1082,0x1082,
  0x1082,0x1082,0x1082,0x1082,0x1082,0x1082,0x1082,0x1082,0x1082,0x1082,0x1082,0x1082,
  0x1082,0x1082,0x1082,0x1082,0x1082,0x1082,0x1082,0x1082,0x1082,0x1082,0x1082,0x1082,
  0x1082,0x1082,0x1082,0x1082,0x1082,0x1082,0x1082,0x1082,0x1082,0x1082,0x1082,0x1082,
  0x1082,0x1082,0x1082,0x1082,0x1082,0x1082,0x1082,0x1082,0x1082,0x1082,0x1082,0x1082,
  0x1082,0x1082,0x1082,0x1082,0x1082,0x1082,0x1082,0x1082,0x1082,0x1082,0x1082,0x1082,
  0x1082,0x1082,0x1082,0x1082,0x1082,0x1082,0x1082,0x1082,0x1082,0x1082,0x1082,0x1082,
  0x1082,0x1082,0x1082,0x1082,0x1082,0x1082,0x1082,0x1082,0x1082,0x1082,0x1082,0x1082,
  0x1082,0x1082,0x1082,0x1082,0x1082,0x1082,0x1082,0x1082,0x1082,0x1082,0x1082,0x1082,
  0x1082,0x1082,0x1082,0x1082,0x1082,0x1082,0x1082,0x1082,0x1082,0x1082,0x1082,0x1082,
  0x1082,0x1082,0x1082,0x1082,0x1082,0x1082,0x1082,0x1082,0x1082,0x1082,0x1082,0x1082,
  0x1082,0x1082,0x1082,0x1082,0x1082,0x1082,0x1082,0x1082,0x1082,0x1082,0x1082,0x1082,
  0x1082,0x1082,0x1082,0x1082,0x1082,0x1082,0x1082,0x1082,0x1082,0x1082,0x1082,0x1082,
  0x1082,0x1082,0x1082,0x1082,0x1082,0x1082,0x1082,0x1082,0x1082,0x1082,0x1082,0x1082,
  0x1082,0x1082,0x1082,0x1082,0x1082,0x1082,0x1082,0x1082,0x1082,0x1082,0x1082,0x1082,
  0x1082,0x1082,0x1082,0x1082,0x1082,0x1082,0x1082,0x1082,0x1082,0x1082,0x1082,0x1082,
  0x1082,0x1082,0x1082,0x1082,0x1082,0x1082,0x1082,0x1082,0x1082,0x1082,0x1082,0x1082,
  0x1082,0x1082,0x1082,0x1082,0x1082,0x1082,0x1082,0x1082,0x1082,0x1082,0x1082,0x1082,
  0x1082,0x1082,0x1082,0x1082,0x1082,0x1082,0x1082,0x1082,0x1082,0x1082,0x1082,0x1082,
  0x1082,0x1082,0x1082,0x1082,0x1082,0x1082,0x1082,0x1082,0x1082,0x1082,0x1082,0x1082,
  0x1082,0x1082,0x1082,0x1082,0x1082,0x1082,0x1082,0x1082,0x1082,0x1082,0x1082,0x1082,
  0x1082,0x1082,0x1082,0x1082,0x1082,0x1082,0x1082,0x1082,0x1082,0x1082,0x1082,0x1082,
  0x1082,0x1082,0x1082,0x1082,0x1082,0x1082,0x1082,0x1082,0x1082,0x1082,0x1082,0x1082,
  0x1082,0x1082,0x1082,0x1082,0x1082,0x1082,0x1082,0x1082,0x1082,0x1082,0x1082,0x1082,
  0x1082,0x1082,0x1082,0x1082,0x1082,0x1082,0x1082,0x1082,0x1082,0x1082,0x1082,0x1082,
  0x1082,0x1082,0x1082,0x1082,0x1082,0x1082,0x1082,0x1082,0x1082,0x1082,0x1082,0x1082,
  0x1082,0x1082,0x1082,0x1082,0x1082,0x1082,0x1082,0x1082,0x1082,0x1082,0x1082,0x1082,
  0x1082,0x1082,0x1082,0x1082,0x1082,0x1082,0x1082,0x1082,0x1082,0x1082,0x1082,0x1082,
  0x1082,0x1082,0x1082,0x1082,0x1082,0x1082,0x1082,0x1082,0x1082,0x1082,0x1082,0x1082,
  0x1082,0x1082,0x1082,0x1082,0x1082,0x1082,0x1082,0x1082,0x1082,0x1082,0x1082,0x1082,
  0x1082,0x1082,0x1082,0x1082,0x1082,0x1082,0x1082,0x1082,0x1082,0x1082,0x1082,0x1082,
  0x1082,0x1082,0x1082,0x1082,0x1082,0x1082,0x1082,0x1082,0x1082,0x1082,0x1082,0x1082,
  0x1082,0x1082,0x1082,0x1082,0x1082,0x1082,0x1082,0x1082,0x1082,0x1082,0x1082,0x1082,
  0x1082,0x1082,0x1082,0x1082,0x1082,0x1082,0x1082,0x1082,0x1082,0x1082,0x1082,0x1082,
  0x1082,0x1082,0x1082,0x1082,0x1082,0x1082,0x1082,0x1082,0x1082,0x1082,0x1082,0x1082,
  0x1082,0x1082,0x1082,0x1082,0x1082,0x1082,0x1082,0x1082,0x1082,0x1082,0x1082,0x1082,
  0x1082,0x1082,0x1082,0x1082,0x1082,0x1082,0x1082,0x1082,0x1082,0x1082,0x1082,0x1082,
  0x1082,0x1082,0x1082,0x1082,0x1082,0x1082,0x1082,0x1082,0x1082,0x1082,0x1082,0x1082,
  0x1082,0x1082,0x1082,0x1082,0x1082,0x1082,0x1082,0x1082,0x1082,0x1082,0x1082,0x1082,
  0x1082,0x1082,0x1082,0x1082,0x1082,0x1082,0x1082,0x1082,0x1082,0x1082,0x1082,0x1082,
  0x1082,0x1082,0x1082,0x1082,0x1082,0x1082,0x1082,0x1082,0x1082,0x1082,0x1082,0x1082,
  0x1082,0x1082,0x1082,0x1082,0x1082,0x1082,0x1082,0x1082,0x1082,0x1082,0x1082,0x1082,
  0x1082,0x1082,0x1082,0x1082,0x1082,0x1082,0x1082,0x1082,0x1082,0x1082,0x1082,0x1082,
  0x1082,0x1082,0x1082,0x1082,0x1082,0x1082,0x1082,0x1082,0x1082,0x1082,0x1082,0x1082,
  0x1082,0x1082,0x1082,0x1082,0x1082,0x1082,0x1082,0x1082,0x1082,0x1082,0x1082,0x1082,
  0x1082,0x1082,0x1082,0x1082,0x1082,0x1082,0x1082,0x1082,0x1082,0x1082,0x1082,0x1082,
  0x1082,0x1082,0x1082,0x1082,0x1082,0x1082,0x1082,0x1082,0x1082,0x1082,0x1082,0x1082,
  0x1082,0x1082,0x1082,0x1082,0x1082,0x1082,0x1082,0x1082,0x1082,0x1082,0x1082,0x1082,
  0x1082,0x1082,0x1082,0x1082,0x1082,0x1082,0x1082,0x1082,0x1082,0x1082,0x1082,0x1082,
  0x1082,0x1082,0x1082,0x1082,0x1082,0x1082,0x1082,0x1082,0x1082,0x1082,0x1082,0x1082,
  0x1082,0x1082,0x1082,0x1082,0x1082,0x1082,0x1082,0x1082,0x1082,0x1082,0x1082,0x1082,
  0x1082,0x1082,0x1082,0x1082,0x1082,0x1082,0x1082,0x1082,0x1082,0x1082,0x1082,0x1082,
  0x1082,0x1082,0x1082,0x1082,0x1082,0x1082,0x1082,0x1082,0x1082,0x1082,0x1082,0x1082,
  0x1082,0x1082,0x1082,0x1082,0x1082,0x1082,0x1082,0x1082,0x1082,0x1082,0x1082,0x1082,
  0x1082,0x1082,0x1082,0x1082,0x1082,0x1082,0x1082,0x1082,0x1082,0x1082,0x1082,0x1082,
  0x1082,0x1082,0x1082,0x1082,0x1082,0x1082,0x1082,0x1082,0x1082,0x1082,0x1082,0x1082,
  0x1082,0x1082,0x1082,0x1082,0x1082,0x1082,0x1082,0x1082,0x1082,0x1082,0x1082,0x1082,
  0x1082,0x1082,0x1082,0x1082,0x1082,0x1082,0x1082,0x1082,0x1082,0x1082,0x1082,0x1082,
  0x1082,0x1082,0x1082,0x1082,0x1082,0x1082,0x1082,0x1082,0x1082,0x1082,0x1082,0x1082,
  0x1082,0x1082,0x1082,0x1082,0x1082,0x1082,0x1082,0x1082,0x1082,0x1082,0x1082,0x1082,
  0x1082,0x1082,0x1082,0x1082,0x1082,0x1082,0x1082,0x1082,0x1082,0x1082,0x1082,0x1082,
  0x1082,0x1082,0x1082,0x1082,0x1082,0x1082,0x1082,0x1082,0x1082,0x1082,0x1082,0x1082,
  0x1082,0x1082,0x1082,0x1082,0x1082,0x1082,0x1082,0x1082,0x1082,0x1082,0x1082,0x1082,
  0x1082,0x1082,0x1082,0x1082,0x1082,0x1082,0x1082,0x1082,0x1082,0x1082,0x1082,0x1082,
  0x1082,0x1082,0x1082,0x1082,0x1082,0x1082,0x1082,0x1082,0x1082,0x1082,0x1082,0x1082,
  0x1082,0x1082,0x1082,0x1082,0x1082,0x1082,0x1082,0x1082,0x1082,0x1082,0x1082,0x1082,
  0x1082,0x1082,0x1082,0x1082,0x1082,0x1082,0x1082,0x1082,0x1082,0x1082,0x1082,0x1082,
  0x1082,0x1082,0x1082,0x1082,0x1082,0x1082,0x1082,0x1082,0x1082,0x1082,0x1082,0x1082,
  0x1082,0x1082,0x1082,0x1082,0x1082,0x1082,0x1082,0x1082,0x1082,0x1082,0x1082,0x1082,
  0x1082,0x1082,0x1082,0x1082,0x1082,0x1082,0x1082,0x1082,0x1082,0x1082,0x1082,0x1082,
  0x1082,0x1082,0x1082,0x1082,0x1082,0x1082,0x1082,0x1082,0x1082,0x1082,0x1082,0x1082,
  0x1082,0x1082,0x1082,0x1082,0x1082,0x1082,0x1082,0x1082,0x1082,0x1082,0x1082,0x1082,
  0x1082,0x1082,0x1082,0x1082,0x1082,0x1082,0x1082,0x1082,0x1082,0x1082,0x1082,0x1082,
  0x1082,0x1082,0x1082,0x1082,0x1082,0x1082,0x1082,0x1082,0x1082,0x1082,0x1082,0x1082,
  0x1082,0x1082,0x1082,0x1082,0x1082,0x1082,0x1082,0x1082,0x1082,0x1082,0x1082,0x1082,
  0x1082,0x1082,0x1082,0x1082,0x1082,0x1082,0x1082,0x1082,0x1082,0x1082,0x1082,0x1082,
  0x1082,0x1082,0x1082,0x1082,0x1082,0x1082,0x1082,0x1082,0x1082,0x1082,0x1082,0x1082,
  0x1082,0x1082,0x1082,0x1082,0x1082,0x1082,0x1082,0x1082,0x1082,0x1082,0x1082,0x1082,
  0x1082,0x1082,0x1082,0x1082,0x1082,0x1082,0x1082,0x1082,0x1082,0x1082,0x1082,0x1082,
  0x1082,0x1082,0x1082,0x1082,0x1082,0x1082,0x1082,0x1082,0x1082,0x1082,0x1082,0x1082,
  0x1082,0x1082,0x1082,0x1082,0x1082,0x1082,0x1082,0x1082,0x1082,0x1082,0x1082,0x1082,
  0x1082,0x1082,0x1082,0x1082,0x1082,0x1082,0x1082,0x1082,0x1082,0x1082,0x1082,0x1082,
  0x1082,0x1082,0x1082,0x1082,0x1082,0x1082,0x1082,0x1082,0x1082,0x1082,0x1082,0x1082,
  0x1082,0x1082,0x1082,0x1082,0x1082,0x1082,0x1082,0x1082,0x1082,0x1082,0x1082,0x1082,
  0x1082,0x1082,0x1082,0x1082,0x1082,0x1082,0x1082,0x1082,0x1082,0x1082,0x1082,0x1082,
  0x1082,0x1082,0x1082,0x1082,0x1082,0x1082,0x1082,0x1082,0x1082,0x1082,0x1082,0x1082,
  0x1082,0x1082,0x1082,0x1082,0x1082,0x1082,0x1082,0x1082,0x1082,0x1082,0x1082,0x1082,
  0x1082,0x1082,0x1082,0x1082,0x1082,0x1082,0x1082,0x1082,0x1082,0x1082,0x1082,0x1082,
  0x1082,0x1082,0x1082,0x1082,0x1082,0x1082,0x1082,0x1082,0x1082,0x1082,0x1082,0x1082,
  0x1082,0x1082,0x1082,0x1082,0x1082,0x1082,0x1082,0x1082,0x1082,0x1082,0x1082,0x1082,
  0x1082,0x1082,0x1082,0x1082,0x1082,0x1082,0x1082,0x1082,0x1082,0x1082,0x1082,0x1082,
  0x1082,0x1082,0x1082,0x1082,0x1082,0x1082,0x1082,0x1082,0x1082,0x1082,0x1082,0x1082,
  0x1082,0x1082,0x1082,0x1082,0x1082,0x1082,0x1082,0x1082,0x1082,0x1082,0x1082,0x1082,
  0x1082,0x1082,0x1082,0x1082,0x1082,0x1082,0x1082,0x1082,0x1082,0x1082,0x1082,0x1082,
  0x1082,0x1082,0x1082,0x1082,0x1082,0x1082,0x1082,0x1082,0x1082,0x1082,0x1082,0x1082,
  0x1082,0x1082,0x1082,0x1082,0x1082,0x1082,0x1082,0x1082,0x1082,0x1082,0x1082,0x1082,
  0x1082,0x1082,0x1082,0x1082,0x1082,0x1082,0x1082,0x1082,0x1082,0x1082,0x1082,0x1082,
  0x1082,0x1082,0x1082,0x1082,0x1082,0x1082,0x1082,0x1082,0x1082,0x1082,0x1082,0x1082,
  0x1082,0x1082,0x1082,0x1082,0x1082,0x1082,0x1082,0x1082,0x1082,0x1082,0x1082,0x1082,
  0x1082,0x1082,0x1082,0x1082,0x1082,0x1082,0x1082,0x1082,0x1082,0x1082,0x1082,0x1082,
  0x1082,0x1082,0x1082,0x1082,0x1082,0x1082,0x1082,0x1082,0x1082,0x1082,0x1082,0x1082,
  0x1082,0x1082,0x1082,0x1082,0x1082,0x1082,0x1082,0x1082,0x1082,0x1082,0x1082,0x1082,
  0x1082,0x1082,0x1082,0x1082,0x1082,0x1082,0x1082,0x1082,0x1082,0x1082,0x1082,0x1082,
  0x1082,0x1082,0x1082,0x1082,0x1082,0x1082,0x1082,0x1082,0x1082,0x1082,0x1082,0x1082,
  0x1082,0x1082,0x1082,0x1082,0x1082,0x1082,0x1082,0x1082,0x1082,0x1082,0x1082,0x1082,
  0x1082,0x1082,0x1082,0x1082,0x1082,0x1082,0x1082,0x1082,0x1082,0x1082,0x1082,0x1082,
  0x1082,0x1082,0x1082,0x1082,0x1082,0x1082,0x1082,0x1082,0x1082,0x1082,0x1082,0x1082,
  0x1082,0x1082,0x1082,0x1082,0x1082,0x1082,0x1082,0x1082,0x1082,0x1082,0x1082,0x1082,
  0x1082,0x1082,0x1082,0x1082,0x1082,0x1082,0x1082,0x1082,0x1082,0x1082,0x1082,0x1082,
  0x1082,0x1082,0x1082,0x1082,0x1082,0x1082,0x1082,0x1082,0x1082,0x1082,0x1082,0x1082,
  0x1082,0x1082,0x1082,0x1082,0x1082,0x1082,0x1082,0x1082,0x1082,0x1082,0x1082,0x1082,
  0x1082,0x1082,0x1082,0x1082,0x1082,0x1082,0x1082,0x1082,0x1082,0x1082,0x1082,0x1082,
  0x1082,0x1082,0x1082,0x1082,0x1082,0x1082,0x1082,0x1082,0x1082,0x1082,0x1082,0x1082,
  0x1082,0x1082,0x1082,0x1082,0x1082,0x1082,0x1082,0x1082,0x1082,0x1082,0x1082,0x1082,
  0x1082,0x1082,0x1082,0x1082,0x1082,0x1082,0x1082,0x1082,0x1082,0x1082,0x1082,0x1082,
  0x1082,0x1082,0x1082,0x1082,0x1082,0x1082,0x1082,0x1082,0x1082,0x1082,0x1082,0x1082,
  0x1082,0x1082,0x1082,0x1082,0x1082,0x1082,0x1082,0x1082,0x1082,0x1082,0x1082,0x1082,
  0x1082,0x1082,0x1082,0x1082,0x1082,0x1082,0x1082,0x1082,0x1082,0x1082,0x1082,0x1082,
  0x1082,0x1082,0x1082,0x1082,0x1082,0x1082,0x1082,0x1082,0x1082,0x1082,0x1082,0x1082,
  0x1082,0x1082,0x1082,0x1082,0x1082,0x1082,0x1082,0x1082,0x1082,0x1082,0x1082,0x1082,
  0x1082,0x1082,0x1082,0x1082,0x1082,0x1082,0x1082,0x1082,0x1082,0x1082,0x1082,0x1082,
  0x1082,0x1082,0x1082,0x1082,0x1082,0x1082,0x1082,0x1082,0x1082,0x1082,0x1082,0x1082,
  0x1082,0x1082,0x1082,0x1082,0x1082,0x1082,0x1082,0x1082,0x1082,0x1082,0x1082,0x1082,
  0x1082,0x1082,0x1082,0x1082,0x1082,0x1082,0x1082,0x1082,0x1082,0x1082,0x1082,0x1082,
  0x1082,0x1082,0x1082,0x1082,0x1082,0x1082,0x1082,0x1082,0x1082,0x1082,0x1082,0x1082,
  0x1082,0x1082,0x1082,0x1082,0x1082,0x1082,0x1082,0x1082,0x1082,0x1082,0x1082,0x1082,
  0x1082,0x1082,0x1082,0x1082,0x1082,0x1082,0x1082,0x1082,0x1082,0x1082,0x1082,0x1082,
  0x1082,0x1082,0x1082,0x1082,0x1082,0x1082,0x1082,0x1082,0x1082,0x1082,0x1082,0x1082,
  0x1082,0x1082,0x1082,0x1082,0x1082,0x1082,0x1082,0x1082,0x1082,0x1082,0x1082,0x1082,
  0x1082,0x1082,0x1082,0x1082,0x1082,0x1082,0x1082,0x1082,0x1082,0x1082,0x1082,0x1082,
  0x1082,0x1082,0x1082,0x1082,0x1082,0x1082,0x1082,0x1082,0x1082,0x1082,0x1082,0x1082,
  0x1082,0x1082,0x1082,0x1082,0x1082,0x1082,0x1082,0x1082,0x1082,0x1082,0x1082,0x1082,
  0x1082,0x1082,0x1082,0x1082,0x1082,0x1082,0x1082,0x1082,0x1082,0x1082,0x1082,0x1082,
  0x1082,0x1082,0x1082,0x1082,0x1082,0x1082,0x1082,0x1082,0x1082,0x1082,0x1082,0x1082,
  0x1082,0x1082,0x1082,0x1082,0x1082,0x1082,0x1082,0x1082,0x1082,0x1082,0x1082,0x1082,
  0x1082,0x1082,0x1082,0x1082,0x1082,0x1082,0x1082,0x1082,0x1082,0x1082,0x1082,0x1082,
  0x1082,0x1082,0x1082,0x1082,0x1082,0x1082,0x1082,0x1082,0x1082,0x1082,0x1082,0x1082,
  0x1082,0x1082,0x1082,0x1082,0x1082,0x1082,0x1082,0x1082,0x1082,0x1082,0x1082,0x1082,
  0x1082,0x1082,0x1082,0x1082,0x1082,0x1082,0x1082,0x1082,0x1082,0x1082,0x1082,0x1082,
  0x1082,0x1082,0x1082,0x1082,0x1082,0x1082,0x1082,0x1082,0x1082,0x1082,0x1082,0x1082,
  0x1082,0x1082,0x1082,0x1082,0x1082,0x1082,0x1082,0x1082,0x1082,0x1082,0x1082,0x1082,
  0x1082,0x1082,0x1082,0x1082,0x1082,0x1082,0x1082,0x1082,0x1082,0x1082,0x1082,0x1082,
  0x1082,0x1082,0x1082,0x1082,0x1082,0x1082,0x1082,0x1082,0x1082,0x1082,0x1082,0x1082,
  0x1082,0x1082,0x1082,0x1082,0x1082,0x1082,0x1082,0x1082,0x1082,0x1082,0x1082,0x1082,
  0x1082,0x1082,0x1082,0x1082,0x1082,0x1082,0x1082,0x1082,0x1082,0x1082,0x1082,0x1082,
  0x1082,0x1082,0x1082,0x1082,0x1082,0x1082,0x1082,0x1082,0x1082,0x1082,0x1082,0x1082,
  0x1082,0x1082,0x1082,0x1082,0x1082,0x1082,0x1082,0x1082,0x1082,0x1082,0x1082,0x1082,
  0x1082,0x1082,0x1082,0x1082,0x1082,0x1082,0x1082,0x1082,0x1082,0x1082,0x1082,0x1082,
  0x1082,0x1082,0x1082,0x1082,0x1082,0x1082,0x1082,0x1082,0x1082,0x1082,0x1082,0x1082,
  0x1082,0x1082,0x1082,0x1082,0x1082,0x1082,0x1082,0x1082,0x1082,0x1082,0x1082,0x1082,
  0x1082,0x1082,0x1082,0x1082,0x1082,0x1082,0x1082,0x1082,0x1082,0x1082,0x1082,0x1082,
  0x1082,0x1082,0x1082,0x1082,0x1082,0x1082,0x1082,0x1082,0x1082,0x1082,0x1082,0x1082,
  0x1082,0x1082,0x1082,0x1082,0x1082,0x1082,0x1082,0x1082,0x1082,0x1082,0x1082,0x1082,
  0x1082,0x1082,0x1082,0x1082,0x1082,0x1082,0x1082,0x1082,0x1082,0x1082,0x1082,0x1082,
  0x1082,0x1082,0x1082,0x1082,0x1082,0x1082,0x1082,0x1082,0x1082,0x1082,0x1082,0x1082,
  0x1082,0x1082,0x1082,0x1082,0x1082,0x1082,0x1082,0x1082,0x1082,0x1082,0x1082,0x1082,
  0x1082,0x1082,0x1082,0x1082,0x1082,0x1082,0x1082,0x1082,0x1082,0x1082,0x1082,0x1082,
  0x1082,0x1082,0x1082,0x1082,0x1082,0x1082,0x1082,0x1082,0x1082,0x1082,0x1082,0x1082,
  0x1082,0x1082,0x1082,0x1082,0x1082,0x1082,0x1082,0x1082,0x1082,0x1082,0x1082,0x1082,
  0x1082,0x1082,0x1082,0x1082,0x1082,0x1082,0x1082,0x1082,0x1082,0x1082,0x1082,0x1082,
  0x1082,0x1082,0x1082,0x1082,0x1082,0x1082,0x1082,0x1082,0x1082,0x1082,0x1082,0x1082,
  0x1082,0x1082,0x1082,0x1082,0x1082,0x1082,0x1082,0x1082,0x1082,0x1082,0x1082,0x1082,
  0x1082,0x1082,0x1082,0x1082,0x1082,0x1082,0x1082,0x1082,0x1082,0x1082,0x1082,0x1082,
  0x1082,0x1082,0x1082,0x1082,0x1082,0x1082,0x1082,0x1082,0x1082,0x1082,0x1082,0x1082,
  0x1082,0x1082,0x1082,0x1082,0x1082,0x1082,0x1082,0x1082,0x1082,0x1082,0x1082,0x1082,
  0x1082,0x1082,0x1082,0x1082,0x1082,0x1082,0x1082,0x1082,0x1082,0x1082,0x1082,0x1082,
  0x1082,0x1082,0x1082,0x1082,0x1082,0x1082,0x1082,0x1082,0x1082,0x1082,0x1082,0x1082,
  0x1082,0x1082,0x1082,0x1082,0x1082,0x1082,0x1082,0x1082,0x1082,0x1082,0x1082,0x1082,
  0x1082,0x1082,0x1082,0x1082,0x1082,0x1082,0x1082,0x1082,0x1082,0x1082,0x1082,0x1082,
  0x1082,0x1082,0x1082,0x1082,0x1082,0x1082,0x1082,0x1082,0x1082,0x1082,0x1082,0x1082,
  0x1082,0x1082,0x1082,0x1082,0x1082,0x1082,0x1082,0x1082,0x1082,0x1082,0x1082,0x1082,
  0x1082,0x1082,0x1082,0x1082,0x1082,0x1082,0x1082,0x1082,0x1082,0x1082,0x1082,0x1082,
  0x1082,0x1082,0x1082,0x1082,0x1082,0x1082,0x1082,0x1082,0x1082,0x1082,0x1082,0x1082,
  0x1082,0x1082,0x1082,0x1082,0x1082,0x1082,0x1082,0x1082,0x1082,0x1082,0x1082,0x1082,
  0x1082,0x1082,0x1082,0x1082,0x1082,0x1082,0x1082,0x1082,0x1082,0x1082,0x1082,0x1082,
  0x1082,0x1082,0x1082,0x1082,0x1082,0x1082,0x1082,0x1082,0x1082,0x1082,0x1082,0x1082,
  0x1082,0x1082,0x1082,0x1082,0x1082,0x1082,0x1082,0x1082,0x1082,0x1082,0x1082,0x1082,
  0x1082,0x1082,0x1082,0x1082,0x1082,0x1082,0x1082,0x1082,0x1082,0x1082,0x1082,0x1082,
  0x1082,0x1082,0x1082,0x1082,0x1082,0x1082,0x1082,0x1082,0x1082,0x1082,0x1082,0x1082,
  0x1082,0x1082,0x1082,0x1082,0x1082,0x1082,0x1082,0x1082,0x1082,0x1082,0x1082,0x1082,
  0x1082,0x1082,0x1082,0x1082,0x1082,0x1082,0x1082,0x1082,0x1082,0x1082,0x1082,0x1082,
  0x1082,0x1082,0x1082,0x1082,0x1082,0x1082,0x1082,0x1082,0x1082,0x1082,0x1082,0x1082,
  0x1082,0x1082,0x1082,0x1082,0x1082,0x1082,0x1082,0x1082,0x1082,0x1082,0x1082,0x1082,
  0x1082,0x1082,0x1082,0x1082,0x1082,0x1082,0x1082,0x1082,0x1082,0x1082,0x1082,0x1082,
  0x1082,0x1082,0x1082,0x1082,0x1082,0x1082,0x1082,0x1082,0x1082,0x1082,0x1082,0x1082,
  0x1082,0x1082,0x1082,0x1082,0x1082,0x1082,0x1082,0x1082,0x1082,0x1082,0x1082,0x1082,
  0x1082,0x1082,0x1082,0x1082,0x1082,0x1082,0x1082,0x1082,0x1082,0x1082,0x1082,0x1082,
  0x1082,0x1082,0x1082,0x1082,0x1082,0x1082,0x1082,0x1082,0x1082,0x1082,0x1082,0x1082,
  0x1082,0x1082,0x1082,0x1082,0x1082,0x1082,0x1082,0x1082,0x1082,0x1082,0x1082,0x1082,
  0x1082,0x1082,0x1082,0x1082,0x1082,0x1082,0x1082,0x1082,0x1082,0x1082,0x1082,0x1082,
  0x1082,0x1082,0x1082,0x1082,0x1082,0x1082,0x1082,0x1082,0x1082,0x1082,0x1082,0x1082,
  0x1082,0x1082,0x1082,0x1082,0x1082,0x1082,0x1082,0x1082,0x1082,0x1082,0x1082,0x1082,
  0x1082,0x1082,0x1082,0x1082,0x1082,0x1082,0x1082,0x1082,0x1082,0x1082,0x1082,0x1082,
  0x1082,0x1082,0x1082,0x1082,0x1082,0x1082,0x1082,0x1082,0x1082,0x1082,0x1082,0x1082,
  0x1082,0x1082,0x1082,0x1082,0x1082,0x1082,0x1082,0x1082,0x1082,0x1082,0x1082,0x1082,
  0x1082,0x1082,0x1082,0x1082,0x1082,0x1082,0x1082,0x1082,0x1082,0x1082,0x1082,0x1082,
  0x1082,0x1082,0x1082,0x1082,0x1082,0x1082,0x1082,0x1082,0x1082,0x1082,0x1082,0x1082,
  0x1082,0x1082,0x1082,0x1082,0x1082,0x1082,0x1082,0x1082,0x1082,0x1082,0x1082,0x1082,
  0x1082,0x1082,0x1082,0x1082,0x1082,0x1082,0x1082,0x1082,0x1082,0x1082,0x1082,0x1082,
  0x1082,0x1082,0x1082,0x1082,0x1082,0x1082,0x1082,0x1082,0x1082,0x1082,0x1082,0x1082,
  0x1082,0x1082,0x1082,0x1082,0x1082,0x1082,0x1082,0x1082,0x1082,0x1082,0x1082,0x1082,
  0x1082,0x1082,0x1082,0x1082,0x1082,0x1082,0x1082,0x1082,0x1082,0x1082,0x1082,0x1082,
  0x1082,0x1082,0x1082,0x1082,0x1082,0x1082,0x1082,0x1082,0x1082,0x1082,0x1082,0x1082,
  0x1082,0x1082,0x1082,0x1082,0x1082,0x1082,0x1082,0x1082,0x1082,0x1082,0x1082,0x1082,
  0x1082,0x1082,0x1082,0x1082,0x1082,0x1082,0x1082,0x1082,0x1082,0x1082,0x1082,0x1082,
  0x1082,0x1082,0x1082,0x1082,0x1082,0x1082,0x1082,0x1082,0x1082,0x1082,0x1082,0x1082,
  0x1082,0x1082,0x1082,0x1082,0x1082,0x1082,0x1082,0x1082,0x1082,0x1082,0x1082,0x1082,
  0x1082,0x1082,0x1082,0x1082,0x1082,0x1082,0x1082,0x1082,0x1082,0x1082,0x1082,0x1082,
  0x1082,0x1082,0x1082,0x1082,0x1082,0x1082,0x1082,0x1082,0x1082,0x1082,0x1082,0x1082,
  0x1082,0x1082,0x1082,0x1082,0x1082,0x1082,0x1082,0x1082,0x1082,0x1082,0x1082,0x1082,
  0x1082,0x1082,0x1082,0x1082,0x1082,0x1082,0x1082,0x1082,0x1082,0x1082,0x1082,0x1082,
  0x1082,0x1082,0x1082,0x1082,0x1082,0x1082,0x1082,0x1082,0x1082,0x1082,0x1082,0x1082,
  0x1082,0x1082,0x1082,0x1082,0x1082,0x1082,0x1082,0x1082,0x1082,0x1082,0x1082,0x1082,
  0x1082,0x1082,0x1082,0x1082,0x1082,0x1082,0x1082,0x1082,0x1082,0x1082,0x1082,0x1082,
  0x1082,0x1082,0x1082,0x1082,0x1082,0x1082,0x1082,0x1082,0x1082,0x1082,0x1082,0x1082,
  0x1082,0x1082,0x1082,0x1082,0x1082,0x1082,0x1082,0x1082,0x1082,0x1082,0x1082,0x1082,
  0x1082,0x1082,0x1082,0x1082,0x1082,0x1082,0x1082,0x1082,0x1082,0x1082,0x1082,0x1082,
  0x1082,0x1082,0x1082,0x1082,0x1082,0x1082,0x1082,0x1082,0x1082,0x1082,0x1082,0x1082,
  0x1082,0x1082,0x1082,0x1082,0x1082,0x1082,0x1082,0x1082,0x1082,0x1082,0x1082,0x1082,
  0x1082,0x1082,0x1082,0x1082,0x1082,0x1082,0x1082,0x1082,0x1082,0x1082,0x1082,0x1082,
  0x1082,0x1082,0x1082,0x1082,0x1082,0x1082,0x1082,0x1082,0x1082,0x1082,0x1082,0x1082,
  0x1082,0x1082,0x1082,0x1082,0x1082,0x1082,0x1082,0x1082,0x1082,0x1082,0x1082,0x1082,
  0x1082,0x1082,0x1082,0x1082,0x1082,0x1082,0x1082,0x1082,0x1082,0x1082,0x1082,0x1082,
  0x1082,0x1082,0x1082,0x1082,0x1082,0x1082,0x1082,0x1082,0x1082,0x1082,0x1082,0x1082,
  0x1082,0x1082,0x1082,0x1082,0x1082,0x1082,0x1082,0x1082,0x1082,0x1082,0x1082,0x1082,
  0x1082,0x1082,0x1082,0x1082,0x1082,0x1082,0x1082,0x1082,0x1082,0x1082,0x1082,0x1082,
  0x1082,0x1082,0x1082,0x1082,0x1082,0x1082,0x1082,0x1082,0x1082,0x1082,0x1082,0x1082,
  0x1082,0x1082,0x1082,0x1082,0x1082,0x1082,0x1082,0x1082,0x1082,0x1082,0x1082,0x1082,
  0x1082,0x1082,0x1082,0x1082,0x1082,0x1082,0x1082,0x1082,0x1082,0x1082,0x1082,0x1082,
  0x1082,0x1082,0x1082,0x1082,0x1082,0x1082,0x1082,0x1082,0x1082,0x1082,0x1082,0x1082,
  0x1082,0x1082,0x1082,0x1082,0x1082,0x1082,0x1082,0x1082,0x1082,0x1082,0x1082,0x1082,
  0x1082,0x1082,0x1082,0x1082,0x1082,0x1082,0x1082,0x1082,0x1082,0x1082,0x1082,0x1082,
  0x1082,0x1082,0x1082,0x1082,0x1082,0x1082,0x1082,0x1082,0x1082,0x1082,0x1082,0x1082,
  0x1082,0x1082,0x1082,0x1082,0x1082,0x1082,0x1082,0x1082,0x1082,0x1082,0x1082,0x1082,
  0x1082,0x1082,0x1082,0x1082,0x1082,0x1082,0x1082,0x1082,0x1082,0x1082,0x1082,0x1082,
  0x1082,0x1082,0x1082,0x1082,0x1082,0x1082,0x1082,0x1082,0x1082,0x1082,0x1082,0x1082,
  0x1082,0x1082,0x1082,0x1082,0x1082,0x1082,0x1082,0x1082,0x1082,0x1082,0x1082,0x1082,
  0x1082,0x1082,0x1082,0x1082,0x1082,0x1082,0x1082,0x1082,0x1082,0x1082,0x1082,0x1082,
  0x1082,0x1082,0x1082,0x1082,0x1082,0x1082,0x1082,0x1082,0x1082,0x1082,0x1082,0x1082,
  0x1082,0x1082,0x1082,0x1082,0x1082,0x1082,0x1082,0x1082,0x1082,0x1082,0x1082,0x1082,
  0x1082,0x1082,0x1082,0x1082,0x1082,0x1082,0x1082,0x1082,0x1082,0x1082,0x1082,0x1082,
  0x1082,0x1082,0x1082,0x1082,0x1082,0x1082,0x1082,0x1082,0x1082,0x1082,0x1082,0x1082,
  0x1082,0x1082,0x1082,0x1082,0x1082,0x1082,0x1082,0x1082,0x1082,0x1082,0x1082,0x1082,
  0x1082,0x1082,0x1082,0x1082,0x1082,0x1082,0x1082,0x1082,0x1082,0x1082,0x1082,0x1082,
  0x1082,0x1082,0x1082,0x1082,0x1082,0x1082,0x1082,0x1082,0x1082,0x1082,0x1082,0x1082,
  0x1082,0x1082,0x1082,0x1082,0x1082,0x1082,0x1082,0x1082,0x1082,0x1082,0x1082,0x1082,
  0x1082,0x1082,0x1082,0x1082,0x1082,0x1082,0x1082,0x1082,0x1082,0x1082,0x1082,0x1082,
  0x1082,0x1082,0x1082,0x1082,0x1082,0x1082,0x1082,0x1082,0x1082,0x1082,0x1082,0x1082,
  0x1082,0x1082,0x1082,0x1082,0x1082,0x1082,0x1082,0x1082,0x1082,0x1082,0x1082,0x1082,
  0x1082,0x1082,0x1082,0x1082,0x1082,0x1082,0x1082,0x1082,0x1082,0x1082,0x1082,0x1082,
  0x1082,0x1082,0x1082,0x1082,0x1082,0x1082,0x1082,0x1082,0x1082,0x1082,0x1082,0x1082,
  0x1082,0x1082,0x1082,0x1082,0x1082,0x1082,0x1082,0x1082,0x1082,0x1082,0x1082,0x1082,
  0x1082,0x1082,0x1082,0x1082,0x1082,0x1082,0x1082,0x1082,0x1082,0x1082,0x1082,0x1082,
  0x1082,0x1082,0x1082,0x1082,0x1082,0x1082,0x1082,0x1082,0x1082,0x1082,0x1082,0x1082,
  0x1082,0x1082,0x1082,0x1082,0x1082,0x1082,0x1082,0x1082,0x1082,0x1082,0x1082,0x1082,
  0x1082,0x1082,0x1082,0x1082,0x1082,0x1082,0x1082,0x1082,0x1082,0x1082,0x1082,0x1082,
  0x1082,0x1082,0x1082,0x1082,0x1082,0x1082,0x1082,0x1082,0x1082,0x1082,0x1082,0x1082,
  0x1082,0x1082,0x1082,0x1082,0x1082,0x1082,0x1082,0x1082,0x1082,0x1082,0x1082,0x1082,
  0x1082,0x1082,0x1082,0x1082,0x1082,0x1082,0x1082,0x1082,0x1082,0x1082,0x1082,0x1082,
  0x1082,0x1082,0x1082,0x1082,0x1082,0x1082,0x1082,0x1082,0x1082,0x1082,0x1082,0x1082,
  0x1082,0x1082,0x1082,0x1082,0x1082,0x1082,0x1082,0x1082,0x1082,0x1082,0x1082,0x1082,
  0x1082,0x1082,0x1082,0x1082,0x1082,0x1082,0x1082,0x1082,0x1082,0x1082,0x1082,0x1082,
  0x1082,0x1082,0x1082,0x1082,0x1082,0x1082,0x1082,0x1082,0x1082,0x1082,0x1082,0x1082,
  0x1082,0x1082,0x1082,0x1082,0x1082,0x1082,0x1082,0x1082,0x1082,0x1082,0x1082,0x1082,
  0x1082,0x1082,0x1082,0x1082,0x1082,0x1082,0x1082,0x1082,0x1082,0x1082,0x1082,0x1082,
  0x1082,0x1082,0x1082,0x1082,0x1082,0x1082,0x1082,0x1082,0x1082,0x1082,0x1082,0x1082,
  0x1082,0x1082,0x1082,0x1082,0x1082,0x1082,0x1082,0x1082,0x1082,0x1082,0x1082,0x1082,
  0x1082,0x1082,0x1082,0x1082,0x1082,0x1082,0x1082,0x1082,0x1082,0x1082,0x1082,0x1082,
  0x1082,0x1082,0x1082,0x1082,0x1082,0x1082,0x1082,0x1082,0x1082,0x1082,0x1082,0x1082,
  0x1082,0x1082,0x1082,0x1082,0x1082,0x1082,0x1082,0x1082,0x1082,0x1082,0x1082,0x1082,
  0x1082,0x1082,0x1082,0x1082,0x1082,0x1082,0x1082,0x1082,0x1082,0x1082,0x1082,0x1082,
  0x1082,0x1082,0x1082,0x1082,0x1082,0x1082,0x1082,0x1082,0x1082,0x1082,0x1082,0x1082,
  0x1082,0x1082,0x1082,0x1082,0x1082,0x1082,0x1082,0x1082,0x1082,0x1082,0x1082,0x1082,
  0x1082,0x1082,0x1082,0x1082,0x1082,0x1082,0x1082,0x1082,0x1082,0x1082,0x1082,0x1082,
  0x1082,0x1082,0x1082,0x1082,0x1082,0x1082,0x1082,0x1082,0x1082,0x1082,0x1082,0x1082,
  0x1082,0x1082,0x1082,0x1082,0x1082,0x1082,0x1082,0x1082,0x1082,0x1082,0x1082,0x1082,
  0x1082,0x1082,0x1082,0x1082,0x1082,0x1082,0x1082,0x1082,0x1082,0x1082,0x1082,0x1082,
  0x1082,0x1082,0x1082,0x1082,0x1082,0x1082,0x1082,0x1082,0x1082,0x1082,0x1082,0x1082,
  0x1082,0x1082,0x1082,0x1082,0x1082,0x1082,0x1082,0x1082,0x1082,0x1082,0x1082,0x1082,
  0x1082,0x1082,0x1082,0x1082,0x1082,0x1082,0x1082,0x1082,0x1082,0x1082,0x1082,0x1082,
  0x1082,0x1082,0x1082,0x1082,0x1082,0x1082,0x1082,0x1082,0x1082,0x1082,0x1082,0x1082,
  0x1082,0x1082,0x1082,0x1082,0x1082,0x1082,0x1082,0x1082,0x1082,0x1082,0x1082,0x1082,
  0x1082,0x1082,0x1082,0x1082,0x1082,0x1082,0x1082,0x1082,0x1082,0x1082,0x1082,0x1082,
  0x1082,0x1082,0x1082,0x1082,0x1082,0x1082,0x1082,0x1082,0x1082,0x1082,0x1082,0x1082,
  0x1082,0x1082,0x1082,0x1082,0x1082,0x1082,0x1082,0x1082,0x1082,0x1082,0x1082,0x1082,
  0x1082,0x1082,0x1082,0x1082,0x1082,0x1082,0x1082,0x1082,0x1082,0x1082,0x1082,0x1082,
  0x1082,0x1082,0x1082,0x1082,0x1082,0x1082,0x1082,0x1082,0x1082,0x1082,0x1082,0x1082,
  0x1082,0x1082,0x1082,0x1082,0x1082,0x1082,0x1082,0x1082,0x1082,0x1082,0x1082,0x1082,
  0x1082,0x1082,0x1082,0x1082,0x1082,0x1082,0x1082,0x1082,0x1082,0x1082,0x1082,0x1082,
  0x1082,0x1082,0x1082,0x1082,0x1082,0x1082,0x1082,0x1082,0x1082,0x1082,0x1082,0x1082,
  0x1082,0x1082,0x1082,0x1082,0x1082,0x1082,0x1082,0x1082,0x1082,0x1082,0x1082,0x1082,
  0x1082,0x1082,0x1082,0x1082,0x1082,0x1082,0x1082,0x1082,0x1082,0x1082,0x1082,0x1082,
  0x1082,0x1082,0x1082,0x1082,0x1082,0x1082,0x1082,0x1082,0x1082,0x1082,0x1082,0x1082,
  0x1082,0x1082,0x1082,0x1082,0x1082,0x1082,0x1082,0x1082,0x1082,0x1082,0x1082,0x1082,
  0x1082,0x1082,0x1082,0x1082,0x1082,0x1082,0x1082,0x1082,0x1082,0x1082,0x1082,0x1082,
  0x1082,0x1082,0x1082,0x1082,0x1082,0x1082,0x1082,0x1082,0x1082,0x1082,0x1082,0x1082,
  0x1082,0x1082,0x1082,0x1082,0x1082,0x1082,0x1082,0x1082,0x1082,0x1082,0x1082,0x1082,
  0x1082,0x1082,0x1082,0x1082,0x1082,0x1082,0x1082,0x1082,0x1082,0x1082,0x1082,0x1082,
  0x1082,0x1082,0x1082,0x1082,0x1082,0x1082,0x1082,0x1082,0x1082,0x1082,0x1082,0x1082,
  0x1082,0x1082,0x1082,0x1082,0x1082,0x1082,0x1082,0x1082,0x1082,0x1082,0x1082,0x1082,
  0x1082,0x1082,0x1082,0x1082,0x1082,0x1082,0x1082,0x1082,0x1082,0x1082,0x1082,0x1082,
  0x1082,0x1082,0x1082,0x1082,0x1082,0x1082,0x1082,0x1082,0x1082,0x1082,0x1082,0x1082,
  0x1082,0x1082,0x1082,0x1082,0x1082,0x1082,0x1082,0x1082,0x1082,0x1082,0x1082,0x1082,
  0x1082,0x1082,0x1082,0x1082,0x1082,0x1082,0x1082,0x1082,0x1082,0x1082,0x1082,0x1082,
  0x1082,0x1082,0x1082,0x1082,0x1082,0x1082,0x1082,0x1082,0x1082,0x1082,0x1082,0x1082,
  0x1082,0x1082,0x1082,0x1082,0x1082,0x1082,0x1082,0x1082,0x1082,0x1082,0x1082,0x1082,
  0x1082,0x1082,0x1082,0x1082,0x1082,0x1082,0x1082,0x1082,0x1082,0x1082,0x1082,0x1082,
  0x1082,0x1082,0x1082,0x1082,0x1082,0x1082,0x1082,0x1082,0x1082,0x1082,0x1082,0x1082,
  0x1082,0x1082,0x1082,0x1082,0x1082,0x1082,0x1082,0x1082,0x1082,0x1082,0x1082,0x1082,
  0x1082,0x1082,0x1082,0x1082,0x1082,0x1082,0x1082,0x1082,0x1082,0x1082,0x1082,0x1082,
  0x1082,0x1082,0x1082,0x1082,0x1082,0x1082,0x1082,0x1082,0x1082,0x1082,0x1082,0x1082,
  0x1082,0x1082,0x1082,0x1082,0x1082,0x1082,0x1082,0x1082,0x1082,0x1082,0x1082,0x1082,
  0x1082,0x1082,0x1082,0x1082,0x1082,0x1082,0x1082,0x1082,0x1082,0x1082,0x1082,0x1082,
  0x1082,0x1082,0x1082,0x1082,0x1082,0x1082,0x1082,0x1082,0x1082,0x1082,0x1082,0x1082,
  0x1082,0x1082,0x1082,0x1082,0x1082,0x1082,0x1082,0x1082,0x1082,0x1082,0x1082,0x1082,
  0x1082,0x1082,0x1082,0x1082,0x1082,0x1082,0x1082,0x1082,0x1082,0x1082,0x1082,0x1082,
  0x1082,0x1082,0x1082,0x1082,0x1082,0x1082,0x1082,0x1082,0x1082,0x1082,0x1082,0x1082,
  0x1082,0x1082,0x1082,0x1082,0x1082,0x1082,0x1082,0x1082,0x1082,0x1082,0x1082,0x1082,
  0x1082,0x1082,0x1082,0x1082,0x1082,0x1082,0x1082,0x1082,0x1082,0x1082,0x1082,0x1082,
  0x1082,0x1082,0x1082,0x1082,0x1082,0x1082,0x1082,0x1082,0x1082,0x1082,0x1082,0x1082,
  0x1082,0x1082,0x1082,0x1082,0x1082,0x1082,0x1082,0x1082,0x1082,0x1082,0x1082,0x1082,
  0x1082,0x1082,0x1082,0x1082,0x1082,0x1082,0x1082,0x1082,0x1082,0x1082,0x1082,0x1082,
  0x1082,0x1082,0x1082,0x1082,0x1082,0x1082,0x1082,0x1082,0x1082,0x1082,0x1082,0x1082,
  0x1082,0x1082,0x1082,0x1082,0x1082,0x1082,0x1082,0x1082,0x1082,0x1082,0x1082,0x1082,
  0x1082,0x1082,0x1082,0x1082,0x1082,0x1082,0x1082,0x1082,0x1082,0x1082,0x1082,0x1082,
  0x1082,0x1082,0x1082,0x1082,0x1082,0x1082,0x1082,0x1082,0x1082,0x1082,0x1082,0x1082,
  0x1082,0x1082,0x1082,0x1082,0x1082,0x1082,0x1082,0x1082,0x1082,0x1082,0x1082,0x1082,
  0x1082,0x1082,0x1082,0x1082,0x1082,0x1082,0x1082,0x1082,0x1082,0x1082,0x1082,0x1082,
  0x1082,0x1082,0x1082,0x1082,0x1082,0x1082,0x1082,0x1082,0x1082,0x1082,0x1082,0x1082,
  0x1082,0x1082,0x1082,0x1082,0x1082,0x1082,0x1082,0x1082,0x1082,0x1082,0x1082,0x1082,
  0x1082,0x1082,0x1082,0x1082,0x1082,0x1082,0x1082,0x1082,0x1082,0x1082,0x1082,0x1082,
  0x1082,0x1082,0x1082,0x1082,0x1082,0x1082,0x1082,0x1082,0x1082,0x1082,0x1082,0x1082,
  0x1082,0x1082,0x1082,0x1082,0x1082,0x1082,0x1082,0x1082,0x1082,0x1082,0x1082,0x1082,
  0x1082,0x1082,0x1082,0x1082,0x1082,0x1082,0x1082,0x1082,0x1082,0x1082,0x1082,0x1082,
  0x1082,0x1082,0x1082,0x1082,0x1082,0x1082,0x1082,0x1082,0x1082,0x1082,0x1082,0x1082,
  0x1082,0x1082,0x1082,0x1082,0x1082,0x1082,0x1082,0x1082,0x1082,0x1082,0x1082,0x1082,
  0x1082,0x1082,0x1082,0x1082,0x1082,0x1082,0x1082,0x1082,0x1082,0x1082,0x1082,0x1082,
  0x1082,0x1082,0x1082,0x1082,0x1082,0x1082,0x1082,0x1082,0x1082,0x1082,0x1082,0x1082,
  0x1082,0x1082,0x1082,0x1082,0x1082,0x1082,0x1082,0x1082,0x1082,0x1082,0x1082,0x1082,
  0x1082,0x1082,0x1082,0x1082,0x1082,0x1082,0x1082,0x1082,0x1082,0x1082,0x1082,0x1082,
  0x1082,0x1082,0x1082,0x1082,0x1082,0x1082,0x1082,0x1082,0x1082,0x1082,0x1082,0x1082,
  0x1082,0x1082,0x1082,0x1082,0x1082,0x1082,0x1082,0x1082,0x1082,0x1082,0x1082,0x1082,
  0x1082,0x1082,0x1082,0x1082,0x1082,0x1082,0x1082,0x1082,0x1082,0x1082,0x1082,0x1082,
  0x1082,0x1082,0x1082,0x1082,0x1082,0x1082,0x1082,0x1082,0x1082,0x1082,0x1082,0x1082,
  0x1082,0x1082,0x1082,0x1082,0x1082,0x1082,0x1082,0x1082,0x1082,0x1082,0x1082,0x1082,
  0x1082,0x1082,0x1082,0x1082,0x1082,0x1082,0x1082,0x1082,0x1082,0x1082,0x1082,0x1082,
  0x1082,0x1082,0x1082,0x1082,0x1082,0x1082,0x1082,0x1082,0x1082,0x1082,0x1082,0x1082,
  0x1082,0x1082,0x1082,0x1082,0x1082,0x1082,0x1082,0x1082,0x1082,0x1082,0x1082,0x1082,
  0x1082,0x1082,0x1082,0x1082,0x1082,0x1082,0x1082,0x1082,0x1082,0x1082,0x1082,0x1082,
  0x1082,0x1082,0x1082,0x1082,0x1082,0x1082,0x1082,0x1082,0x1082,0x1082,0x1082,0x1082,
  0x1082,0x1082,0x1082,0x1082,0x1082,0x1082,0x1082,0x1082,0x1082,0x1082,0x1082,0x1082,
  0x1082,0x1082,0x1082,0x1082,0x1082,0x1082,0x1082,0x1082,0x1082,0x1082,0x1082,0x1082,
  0x1082,0x1082,0x1082,0x1082,0x1082,0x1082,0x1082,0x1082,0x1082,0x1082,0x1082,0x1082,
  0x1082,0x1082,0x1082,0x1082,0x1082,0x1082,0x1082,0x1082,0x1082,0x1082,0x1082,0x1082,
  0x1082,0x1082,0x1082,0x1082,0x1082,0x1082,0x1082,0x1082,0x1082,0x1082,0x1082,0x1082,
  0x1082,0x1082,0x1082,0x1082,0x1082,0x1082,0x1082,0x1082,0x1082,0x1082,0x1082,0x1082,
  0x1082,0x1082,0x1082,0x1082,0x1082,0x1082,0x1082,0x1082,0x1082,0x1082,0x1082,0x1082,
  0x1082,0x1082,0x1082,0x1082,0x1082,0x1082,0x1082,0x1082,0x1082,0x1082,0x1082,0x1082,
  0x1082,0x1082,0x1082,0x1082,0x1082,0x1082,0x1082,0x1082,0x1082,0x1082,0x1082,0x1082,
  0x1082,0x1082,0x1082,0x1082,0x1082,0x1082,0x1082,0x1082,0x1082,0x1082,0x1082,0x1082,
  0x1082,0x1082,0x1082,0x1082,0x1082,0x1082,0x1082,0x1082,0x1082,0x1082,0x1082,0x1082,
  0x1082,0x1082,0x1082,0x1082,0x1082,0x1082,0x1082,0x1082,0x1082,0x1082,0x1082,0x1082,
  0x1082,0x1082,0x1082,0x1082,0x1082,0x1082,0x1082,0x1082,0x1082,0x1082,0x1082,0x1082,
  0x1082,0x1082,0x1082,0x1082,0x1082,0x1082,0x1082,0x1082,0x1082,0x1082,0x1082,0x1082,
  0x1082,0x1082,0x1082,0x1082,0x1082,0x1082,0x1082,0x1082,0x1082,0x1082,0x1082,0x1082,
  0x1082,0x1082,0x1082,0x1082,0x1082,0x1082,0x1082,0x1082,0x1082,0x1082,0x1082,0x1082,
  0x1082,0x1082,0x1082,0x1082,0x1082,0x1082,0x1082,0x1082,0x1082,0x1082,0x1082,0x1082,
  0x1082,0x1082,0x1082,0x1082,0x1082,0x1082,0x1082,0x1082,0x1082,0x1082,0x1082,0x1082,
  0x1082,0x1082,0x1082,0x1082,0x1082,0x1082,0x1082,0x1082,0x1082,0x1082,0x1082,0x1082,
  0x1082,0x1082,0x1082,0x1082,0x1082,0x1082,0x1082,0x1082,0x1082,0x1082,0x1082,0x1082,
  0x1082,0x1082,0x1082,0x1082,0x1082,0x1082,0x1082,0x1082,0x1082,0x1082,0x1082,0x1082,
  0x1082,0x1082,0x1082,0x1082,0x1082,0x1082,0x1082,0x1082,0x1082,0x1082,0x1082,0x1082,
  0x1082,0x1082,0x1082,0x1082,0x1082,0x1082,0x1082,0x1082,0x1082,0x1082,0x1082,0x1082,
  0x1082,0x1082,0x1082,0x1082,0x1082,0x1082,0x1082,0x1082,0x1082,0x1082,0x1082,0x1082,
  0x1082,0x1082,0x1082,0x1082,0x1082,0x1082,0x1082,0x1082,0x1082,0x1082,0x1082,0x1082,
  0x1082,0x1082,0x1082,0x1082,0x1082,0x1082,0x1082,0x1082,0x1082,0x1082,0x1082,0x1082,
  0x1082,0x1082,0x1082,0x1082,0x1082,0x1082,0x1082,0x1082,0x1082,0x1082,0x1082,0x1082,
  0x1082,0x1082,0x1082,0x1082,0x1082,0x1082,0x1082,0x1082,0x1082,0x1082,0x1082,0x1082,
  0x1082,0x1082,0x1082,0x1082,0x1082,0x1082,0x1082,0x1082,0x1082,0x1082,0x1082,0x1082,
  0x1082,0x1082,0x1082,0x1082,0x1082,0x1082,0x1082,0x1082,0x1082,0x1082,0x1082,0x1082,
  0x1082,0x1082,0x1082,0x1082,0x1082,0x1082,0x1082,0x1082,0x1082,0x1082,0x1082,0x1082,
  0x1082,0x1082,0x1082,0x1082,0x1082,0x1082,0x1082,0x1082,0x1082,0x1082,0x1082,0x1082,
  0x1082,0x1082,0x1082,0x1082,0x1082,0x1082,0x1082,0x1082,0x1082,0x1082,0x1082,0x1082,
  0x1082,0x1082,0x1082,0x1082,0x1082,0x1082,0x1082,0x1082,0x1082,0x1082,0x1082,0x1082,
  0x1082,0x1082,0x1082,0x1082,0x1082,0x1082,0x1082,0x1082,0x1082,0x1082,0x1082,0x1082,
  0x1082,0x1082,0x1082,0x1082,0x1082,0x1082,0x1082,0x1082,0x1082,0x1082,0x1082,0x1082,
  0x1082,0x1082,0x1082,0x1082,0x1082,0x1082,0x1082,0x1082,0x1082,0x1082,0x1082,0x1082,
  0x1082,0x1082,0x1082,0x1082,0x1082,0x1082,0x1082,0x1082,0x1082,0x1082,0x1082,0x1082,
  0x1082,0x1082,0x1082,0x1082,0x1082,0x1082,0x1082,0x1082,0x1082,0x1082,0x1082,0x1082,
  0x1082,0x1082,0x1082,0x1082,0x1082,0x1082,0x1082,0x1082,0x1082,0x1082,0x1082,0x1082,
  0x1082,0x1082,0x1082,0x1082,0x1082,0x1082,0x1082,0x1082,0x1082,0x1082,0x1082,0x1082,
  0x1082,0x1082,0x1082,0x1082,0x1082,0x1082,0x1082,0x1082,0x1082,0x1082,0x1082,0x1082,
  0x1082,0x1082,0x1082,0x1082,0x1082,0x1082,0x1082,0x1082,0x1082,0x1082,0x1082,0x1082,
  0x1082,0x1082,0x1082,0x1082,0x1082,0x1082,0x1082,0x1082,0x1082,0x1082,0x1082,0x1082,
  0x1082,0x1082,0x1082,0x1082,0x1082,0x1082,0x1082,0x1082,0x1082,0x1082,0x1082,0x1082,
  0x1082,0x1082,0x1082,0x1082,0x1082,0x1082,0x1082,0x1082,0x1082,0x1082,0x1082,0x1082,
  0x1082,0x1082,0x1082,0x1082,0x1082,0x1082,0x1082,0x1082,0x1082,0x1082,0x1082,0x1082,
  0x1082,0x1082,0x1082,0x1082,0x1082,0x1082,0x1082,0x1082,0x1082,0x1082,0x1082,0x1082,
  0x1082,0x1082,0x1082,0x1082,0x1082,0x1082,0x1082,0x1082,0x1082,0x1082,0x1082,0x1082,
  0x1082,0x1082,0x1082,0x1082,0x1082,0x1082,0x1082,0x1082,0x1082,0x1082,0x1082,0x1082,
  0x1082,0x1082,0x1082,0x1082,0x1082,0x1082,0x1082,0x1082,0x1082,0x1082,0x1082,0x1082,
  0x1082,0x1082,0x1082,0x1082,0x1082,0x1082,0x1082,0x1082,0x1082,0x1082,0x1082,0x1082,
  0x1082,0x1082,0x1082,0x1082,0x1082,0x1082,0x1082,0x1082,0x1082,0x1082,0x1082,0x1082,
  0x1082,0x1082,0x1082,0x1082,0x1082,0x1082,0x1082,0x1082,0x1082,0x1082,0x1082,0x1082,
  0x1082,0x1082,0x1082,0x1082,0x1082,0x1082,0x1082,0x1082,0x1082,0x1082,0x1082,0x1082,
  0x1082,0x1082,0x1082,0x1082,0x1082,0x1082,0x1082,0x1082,0x1082,0x1082,0x1082,0x1082,
  0x1082,0x1082,0x1082,0x1082,0x1082,0x1082,0x1082,0x1082,0x1082,0x1082,0x1082,0x1082,
  0x1082,0x1082,0x1082,0x1082,0x1082,0x1082,0x1082,0x1082,0x1082,0x1082,0x1082,0x1082,
  0x1082,0x1082,0x1082,0x1082,0x1082,0x1082,0x1082,0x1082,0x1082,0x1082,0x1082,0x1082,
  0x1082,0x1082,0x1082,0x1082,0x1082,0x1082,0x1082,0x1082,0x1082,0x1082,0x1082,0x1082,
  0x1082,0x1082,0x1082,0x1082,0x1082,0x1082,0x1082,0x1082,0x1082,0x1082,0x1082,0x1082,
  0x1082,0x1082,0x1082,0x1082,0x1082,0x1082,0x1082,0x1082,0x1082,0x1082,0x1082,0x1082,
  0x1082,0x1082,0x1082,0x1082,0x1082,0x1082,0x1082,0x1082,0x1082,0x1082,0x1082,0x1082,
  0x1082,0x1082,0x1082,0x1082,0x1082,0x1082,0x1082,0x1082,0x1082,0x1082,0x1082,0x1082,
  0x1082,0x1082,0x1082,0x1082,0x1082,0x1082,0x1082,0x1082,0x1082,0x1082,0x1082,0x1082,
  0x1082,0x1082,0x1082,0x1082,0x1082,0x1082,0x1082,0x1082,0x1082,0x1082,0x1082,0x1082,
  0x1082,0x1082,0x1082,0x1082,0x1082,0x1082,0x1082,0x1082,0x1082,0x1082,0x1082,0x1082,
  0x1082,0x1082,0x1082,0x1082,0x1082,0x1082,0x1082,0x1082,0x1082,0x1082,0x1082,0x1082,
  0x1082,0x1082,0x1082,0x1082,0x1082,0x1082,0x1082,0x1082,0x1082,0x1082,0x1082,0x1082,
  0x1082,0x1082,0x1082,0x1082,0x1082,0x1082,0x1082,0x1082,0x1082,0x1082,0x1082,0x1082,
  0x1082,0x1082,0x1082,0x1082,0x1082,0x1082,0x1082,0x1082,0x1082,0x1082,0x1082,0x1082,
  0x1082,0x1082,0x1082,0x1082,0x1082,0x1082,0x1082,0x1082,0x1082,0x1082,0x1082,0x1082,
  0x1082,0x1082,0x1082,0x1082,0x1082,0x1082,0x1082,0x1082,0x1082,0x1082,0x1082,0x1082,
  0x1082,0x1082,0x1082,0x1082,0x1082,0x1082,0x1082,0x1082,0x1082,0x1082,0x1082,0x1082,
  0x1082,0x1082,0x1082,0x1082,0x1082,0x1082,0x1082,0x1082,0x1082,0x1082,0x1082,0x1082,
  0x1082,0x1082,0x1082,0x1082,0x1082,0x1082,0x1082,0x1082,0x1082,0x1082,0x1082,0x1082,
  0x1082,0x1082,0x1082,0x1082,0x1082,0x1082,0x1082,0x1082,0x1082,0x1082,0x1082,0x1082,
  0x1082,0x1082,0x1082,0x1082,0x1082,0x1082,0x1082,0x1082,0x1082,0x1082,0x1082,0x1082,
  0x1082,0x1082,0x1082,0x1082,0x1082,0x1082,0x1082,0x1082,0x1082,0x1082,0x1082,0x1082,
  0x1082,0x1082,0x1082,0x1082,0x1082,0x1082,0x1082,0x1082,0x1082,0x1082,0x1082,0x1082,
  0x1082,0x1082,0x1082,0x1082,0x1082,0x1082,0x1082,0x1082,0x1082,0x1082,0x1082,0x1082,
  0x1082,0x1082,0x1082,0x1082,0x1082,0x1082,0x1082,0x1082,0x1082,0x1082,0x1082,0x1082,
  0x1082,0x1082,0x1082,0x1082,0x1082,0x1082,0x1082,0x1082,0x1082,0x1082,0x1082,0x1082,
  0x1082,0x1082,0x1082,0x1082,0x1082,0x1082,0x1082,0x1082,0x1082,0x1082,0x1082,0x1082,
  0x1082,0x1082,0x1082,0x1082,0x1082,0x1082,0x1082,0x1082,0x1082,0x1082,0x1082,0x1082,
  0x1082,0x1082,0x1082,0x1082,0x1082,0x1082,0x1082,0x1082,0x1082,0x1082,0x1082,0x1082,
  0x1082,0x1082,0x1082,0x1082,0x1082,0x1082,0x1082,0x1082,0x1082,0x1082,0x1082,0x1082,
  0x1082,0x1082,0x1082,0x1082,0x1082,0x1082,0x1082,0x1082,0x1082,0x1082,0x1082,0x1082,
  0x1082,0x1082,0x1082,0x1082,0x1082,0x1082,0x1082,0x1082,0x1082,0x1082,0x1082,0x1082,
  0x1082,0x1082,0x1082,0x1082,0x1082,0x1082,0x1082,0x1082,0x1082,0x1082,0x1082,0x1082,
  0x1082,0x1082,0x1082,0x1082,0x1082,0x1082,0x1082,0x1082,0x1082,0x1082,0x1082,0x1082,
  0x1082,0x1082,0x1082,0x1082,0x1082,0x1082,0x1082,0x1082,0x1082,0x1082,0x1082,0x1082,
  0x1082,0x1082,0x1082,0x1082,0x1082,0x1082,0x1082,0x1082,0x1082,0x1082,0x1082,0x1082,
  0x1082,0x1082,0x1082,0x1082,0x1082,0x1082,0x1082,0x1082,0x1082,0x1082,0x1082,0x1082,
  0x1082,0x1082,0x1082,0x1082,0x1082,0x1082,0x1082,0x1082,0x1082,0x1082,0x1082,0x1082,
  0x1082,0x1082,0x1082,0x1082,0x1082,0x1082,0x1082,0x1082,0x1082,0x1082,0x1082,0x1082,
  0x1082,0x1082,0x1082,0x1082,0x1082,0x1082,0x1082,0x1082,0x1082,0x1082,0x1082,0x1082,
  0x1082,0x1082,0x1082,0x1082,0x1082,0x1082,0x1082,0x1082,0x1082,0x1082,0x1082,0x1082,
  0x1082,0x1082,0x1082,0x1082,0x1082,0x1082,0x1082,0x1082,0x1082,0x1082,0x1082,0x1082,
  0x1082,0x1082,0x1082,0x1082,0x1082,0x1082,0x1082,0x1082,0x1082,0x1082,0x1082,0x1082,
  0x1082,0x1082,0x1082,0x1082,0x1082,0x1082,0x1082,0x1082,0x1082,0x1082,0x1082,0x1082,
  0x1082,0x1082,0x1082,0x1082,0x1082,0x1082,0x1082,0x1082,0x1082,0x1082,0x1082,0x1082,
  0x1082,0x1082,0x1082,0x1082,0x1082,0x1082,0x1082,0x1082,0x1082,0x1082,0x1082,0x1082,
  0x1082,0x1082,0x1082,0x1082,0x1082,0x1082,0x1082,0x1082,0x1082,0x1082,0x1082,0x1082,
  0x1082,0x1082,0x1082,0x1082,0x1082,0x1082,0x1082,0x1082,0x1082,0x1082,0x1082,0x1082,
  0x1082,0x1082,0x1082,0x1082,0x1082,0x1082,0x1082,0x1082,0x1082,0x1082,0x1082,0x1082,
  0x1082,0x1082,0x1082,0x1082,0x1082,0x1082,0x1082,0x1082,0x1082,0x1082,0x1082,0x1082,
  0x1082,0x1082,0x1082,0x1082,0x1082,0x1082,0x1082,0x1082,0x1082,0x1082,0x1082,0x1082,
  0x1082,0x1082,0x1082,0x1082,0x1082,0x1082,0x1082,0x1082,0x1082,0x1082,0x1082,0x1082,
  0x1082,0x1082,0x1082,0x1082,0x1082,0x1082,0x1082,0x1082,0x1082,0x1082,0x1082,0x1082,
  0x1082,0x1082,0x1082,0x1082,0x1082,0x1082,0x1082,0x1082,0x1082,0x1082,0x1082,0x1082,
  0x1082,0x1082,0x1082,0x1082,0x1082,0x1082,0x1082,0x1082,0x1082,0x1082,0x1082,0x1082,
  0x1082,0x1082,0x1082,0x1082,0x1082,0x1082,0x1082,0x1082,0x1082,0x1082,0x1082,0x1082,
  0x1082,0x1082,0x1082,0x1082,0x1082,0x1082,0x1082,0x1082,0x1082,0x1082,0x1082,0x1082,
  0x1082,0x1082,0x1082,0x1082,0x1082,0x1082,0x1082,0x1082,0x1082,0x1082,0x1082,0x1082,
  0x1082,0x1082,0x1082,0x1082,0x1082,0x1082,0x1082,0x1082,0x1082,0x1082,0x1082,0x1082,
  0x1082,0x1082,0x1082,0x1082,0x1082,0x1082,0x1082,0x1082,0x1082,0x1082,0x1082,0x1082,
  0x1082,0x1082,0x1082,0x1082,0x1082,0x1082,0x1082,0x1082,0x1082,0x1082,0x1082,0x1082,
  0x1082,0x1082,0x1082,0x1082,0x1082,0x1082,0x1082,0x1082,0x1082,0x1082,0x1082,0x1082,
  0x1082,0x1082,0x1082,0x1082,0x1082,0x1082,0x1082,0x1082,0x1082,0x1082,0x1082,0x1082,
  0x1082,0x1082,0x1082,0x1082,0x1082,0x1082,0x1082,0x1082,0x1082,0x1082,0x1082,0x1082,
  0x1082,0x1082,0x1082,0x1082,0x1082,0x1082,0x1082,0x1082,0x1082,0x1082,0x1082,0x1082,
  0x1082,0x1082,0x1082,0x1082,0x1082,0x1082,0x1082,0x1082,0x1082,0x1082,0x1082,0x1082,
  0x1082,0x1082,0x1082,0x1082,0x1082,0x1082,0x1082,0x1082,0x1082,0x1082,0x1082,0x1082,
  0x1082,0x1082,0x1082,0x1082,0x1082,0x1082,0x1082,0x1082,0x1082,0x1082,0x1082,0x1082,
  0x1082,0x1082,0x1082,0x1082,0x1082,0x1082,0x1082,0x1082,0x1082,0x1082,0x1082,0x1082,
  0x1082,0x1082,0x1082,0x1082,0x1082,0x1082,0x1082,0x1082,0x1082,0x1082,0x1082,0x1082,
  0x1082,0x1082,0x1082,0x1082,0x1082,0x1082,0x1082,0x1082,0x1082,0x1082,0x1082,0x1082,
  0x1082,0x1082,0x1082,0x1082,0x1082,0x1082,0x1082,0x1082,0x1082,0x1082,0x1082,0x1082,
  0x1082,0x1082,0x1082,0x1082,0x1082,0x1082,0x1082,0x1082,0x1082,0x1082,0x1082,0x1082,
  0x1082,0x1082,0x1082,0x1082,0x1082,0x1082,0x1082,0x1082,0x1082,0x1082,0x1082,0x1082,
  0x1082,0x1082,0x1082,0x1082,0x1082,0x1082,0x1082,0x1082,0x1082,0x1082,0x1082,0x1082,
  0x1082,0x1082,0x1082,0x1082,0x1082,0x1082,0x1082,0x1082,0x1082,0x1082,0x1082,0x1082,
  0x1082,0x1082,0x1082,0x1082,0x1082,0x1082,0x1082,0x1082,0x1082,0x1082,0x1082,0x1082,
  0x1082,0x1082,0x1082,0x1082,0x1082,0x1082,0x1082,0x1082,0x1082,0x1082,0x1082,0x1082,
  0x1082,0x1082,0x1082,0x1082,0x1082,0x1082,0x1082,0x1082,0x1082,0x1082,0x1082,0x1082,
  0x1082,0x1082,0x1082,0x1082,0x1082,0x1082,0x1082,0x1082,0x1082,0x1082,0x1082,0x1082,
  0x1082,0x1082,0x1082,0x1082,0x1082,0x1082,0x1082,0x1082,0x1082,0x1082,0x1082,0x1082,
  0x1082,0x1082,0x1082,0x1082,0x1082,0x1082,0x1082,0x1082,0x1082,0x1082,0x1082,0x1082,
  0x1082,0x1082,0x1082,0x1082,0x1082,0x1082,0x1082,0x1082,0x1082,0x1082,0x1082,0x1082,
  0x1082,0x1082,0x1082,0x1082,0x1082,0x1082,0x1082,0x1082,0x1082,0x1082,0x1082,0x1082,
  0x1082,0x1082,0x1082,0x1082,0x1082,0x1082,0x1082,0x1082,0x1082,0x1082,0x1082,0x1082,
  0x1082,0x1082,0x1082,0x1082,0x1082,0x1082,0x1082,0x1082,0x1082,0x1082,0x1082,0x1082,
  0x1082,0x1082,0x1082,0x1082,0x1082,0x1082,0x1082,0x1082,0x1082,0x1082,0x1082,0x1082,
  0x1082,0x1082,0x1082,0x1082,0x1082,0x1082,0x1082,0x1082,0x1082,0x1082,0x1082,0x1082,
  0x1082,0x1082,0x1082,0x1082,0x1082,0x1082,0x1082,0x1082,0x1082,0x1082,0x1082,0x1082,
  0x1082,0x1082,0x1082,0x1082,0x1082,0x1082,0x1082,0x1082,0x1082,0x1082,0x1082,0x1082,
  0x1082,0x1082,0x1082,0x1082,0x1082,0x1082,0x1082,0x1082,0x1082,0x1082,0x1082,0x1082,
  0x1082,0x1082,0x1082,0x1082,0x1082,0x1082,0x1082,0x1082,0x1082,0x1082,0x1082,0x1082,
  0x1082,0x1082,0x1082,0x1082,0x1082,0x1082,0x1082,0x1082,0x1082,0x1082,0x1082,0x1082,
  0x1082,0x1082,0x1082,0x1082,0x1082,0x1082,0x1082,0x1082,0x1082,0x1082,0x1082,0x1082,
  0x1082,0x1082,0x1082,0x1082,0x1082,0x1082,0x1082,0x1082,0x1082,0x1082,0x1082,0x1082,
  0x1082,0x1082,0x1082,0x1082,0x1082,0x1082,0x1082,0x1082,0x1082,0x1082,0x1082,0x1082,
  0x1082,0x1082,0x1082,0x1082,0x1082,0x1082,0x1082,0x1082,0x1082,0x1082,0x1082,0x1082,
  0x1082,0x1082,0x1082,0x1082,0x1082,0x1082,0x1082,0x1082,0x1082,0x1082,0x1082,0x1082,
  0x1082,0x1082,0x1082,0x1082,0x1082,0x1082,0x1082,0x1082,0x1082,0x1082,0x1082,0x1082,
  0x1082,0x1082,0x1082,0x1082,0x1082,0x1082,0x1082,0x1082,0x1082,0x1082,0x1082,0x1082,
  0x1082,0x1082,0x1082,0x1082,0x1082,0x1082,0x1082,0x1082,0x1082,0x1082,0x1082,0x1082,
  0x1082,0x1082,0x1082,0x1082,0x1082,0x1082,0x1082,0x1082,0x1082,0x1082,0x1082,0x1082,
  0x1082,0x1082,0x1082,0x1082,0x1082,0x1082,0x1082,0x1082,0x1082,0x1082,0x1082,0x1082,
  0x1082,0x1082,0x1082,0x1082,0x1082,0x1082,0x1082,0x1082,0x1082,0x1082,0x1082,0x1082,
  0x1082,0x1082,0x1082,0x1082,0x1082,0x1082,0x1082,0x1082,0x1082,0x1082,0x1082,0x1082,
  0x1082,0x1082,0x1082,0x1082,0x1082,0x1082,0x1082,0x1082,0x1082,0x1082,0x1082,0x1082,
  0x1082,0x1082,0x1082,0x1082,0x1082,0x1082,0x1082,0x1082,0x1082,0x1082,0x1082,0x1082,
  0x1082,0x1082,0x1082,0x1082,0x1082,0x1082,0x1082,0x1082,0x1082,0x1082,0x1082,0x1082,
  0x1082,0x1082,0x1082,0x1082,0x1082,0x1082,0x1082,0x1082,0x1082,0x1082,0x1082,0x1082,
  0x1082,0x1082,0x1082,0x1082,0x1082,0x1082,0x1082,0x1082,0x1082,0x1082,0x1082,0x1082,
  0x1082,0x1082,0x1082,0x1082,0x1082,0x1082,0x1082,0x1082,0x1082,0x1082,0x1082,0x1082,
  0x1082,0x1082,0x1082,0x1082,0x1082,0x1082,0x1082,0x1082,0x1082,0x1082,0x1082,0x1082,
  0x1082,0x1082,0x1082,0x1082,0x1082,0x1082,0x1082,0x1082,0x1082,0x1082,0x1082,0x1082,
  0x1082,0x1082,0x1082,0x1082,0x1082,0x1082,0x1082,0x1082,0x1082,0x1082,0x1082,0x1082,
  0x1082,0x1082,0x1082,0x1082,0x1082,0x1082,0x1082,0x1082,0x1082,0x1082,0x1082,0x1082,
  0x1082,0x1082,0x1082,0x1082,0x1082,0x1082,0x1082,0x1082,0x1082,0x1082,0x1082,0x1082,
  0x1082,0x1082,0x1082,0x1082,0x1082,0x1082,0x1082,0x1082,0x1082,0x1082,0x1082,0x1082,
  0x1082,0x1082,0x1082,0x1082,0x1082,0x1082,0x1082,0x1082,0x1082,0x1082,0x1082,0x1082,
  0x1082,0x1082,0x1082,0x1082,0x1082,0x1082,0x1082,0x1082,0x1082,0x1082,0x1082,0x1082,
  0x1082,0x1082,0x1082,0x1082,0x1082,0x1082,0x1082,0x1082,0x1082,0x1082,0x1082,0x1082,
  0x1082,0x1082,0x1082,0x1082,0x1082,0x1082,0x1082,0x1082,0x1082,0x1082,0x1082,0x1082,
  0x1082,0x1082,0x1082,0x1082,0x1082,0x1082,0x1082,0x1082,0x1082,0x1082,0x1082,0x1082,
  0x1082,0x1082,0x1082,0x1082,0x1082,0x1082,0x1082,0x1082,0x1082,0x1082,0x1082,0x1082,
  0x1082,0x1082,0x1082,0x1082,0x1082,0x1082,0x1082,0x1082,0x1082,0x1082,0x1082,0x1082,
  0x1082,0x1082,0x1082,0x1082,0x1082,0x1082,0x1082,0x1082,0x1082,0x1082,0x1082,0x1082,
  0x1082,0x1082,0x1082,0x1082,0x1082,0x1082,0x1082,0x1082,0x1082,0x1082,0x1082,0x1082,
  0x1082,0x1082,0x1082,0x1082,0x1082,0x1082,0x1082,0x1082,0x1082,0x1082,0x1082,0x1082,
  0x1082,0x1082,0x1082,0x1082,0x1082,0x1082,0x1082,0x1082,0x1082,0x1082,0x1082,0x1082,
  0x1082,0x1082,0x1082,0x1082,0x1082,0x1082,0x1082,0x1082,0x1082,0x1082,0x1082,0x1082,
  0x1082,0x1082,0x1082,0x1082,0x1082,0x1082,0x1082,0x1082,0x1082,0x1082,0x1082,0x1082,
  0x1082,0x1082,0x1082,0x1082,0x1082,0x1082,0x1082,0x1082,0x1082,0x1082,0x1082,0x1082,
  0x1082,0x1082,0x1082,0x1082,0x1082,0x1082,0x1082,0x1082,0x1082,0x1082,0x1082,0x1082,
  0x1082,0x1082,0x1082,0x1082,0x1082,0x1082,0x1082,0x1082,0x1082,0x1082,0x1082,0x1082,
  0x1082,0x1082,0x1082,0x1082,0x1082,0x1082,0x1082,0x1082,0x1082,0x1082,0x1082,0x1082,
  0x1082,0x1082,0x1082,0x1082,0x1082,0x1082,0x1082,0x1082,0x0042,0x0042,0x0862,0x1082,
  0x1082,0x1082,0x1082,0x1082,0x1082,0x1082,0x1082,0x1082,0x1082,0x1082,0x1082,0x1082,
  0x1082,0x1082,0x1082,0x1082,0x1082,0x1082,0x1082,0x1082,0x1082,0x1082,0x1082,0x1082,
  0x1082,0x1082,0x1082,0x1082,0x1082,0x1082,0x1082,0x1082,0x1082,0x1082,0x1082,0x1082,
  0x1082,0x1082,0x1082,0x1082,0x1082,0x1082,0x1082,0x1082,0x1082,0x1082,0x1082,0x1082,
  0x1082,0x1082,0x1082,0x1082,0x1082,0x1082,0x1082,0x1082,0x1082,0x1082,0x1082,0x1082,
  0x1082,0x1082,0x1082,0x1082,0x1082,0x1082,0x1082,0x1082,0x1082,0x1082,0x1082,0x1082,
  0x1082,0x1082,0x1082,0x1082,0x1082,0x1082,0x1082,0x1082,0x1082,0x1082,0x1082,0x1082,
  0x1082,0x1082,0x1082,0x1082,0x1082,0x1082,0x1082,0x1082,0x1082,0x1082,0x1082,0x1082,
  0x1082,0x1082,0x1082,0x1082,0x1082,0x1082,0x1082,0x1082,0x1082,0x1082,0x1082,0x1082,
  0x1082,0x1082,0x1082,0x1082,0x1082,0x1082,0x1082,0x1082,0x1082,0x1082,0x1082,0x1082,
  0x1082,0x1082,0x1082,0x1082,0x1082,0x1082,0x1082,0x1082,0x1082,0x1082,0x1082,0x1082,
  0x1082,0x1082,0x1082,0x1082,0x1082,0x1082,0x1082,0x1082,0x1082,0x1082,0x1082,0x1082,
  0x1082,0x1082,0x1082,0x1082,0x1082,0x1082,0x1082,0x1082,0x1082,0x1082,0x1082,0x1082,
  0x1082,0x1082,0x1082,0x1082,0x1082,0x1082,0x1082,0x1082,0x1082,0x1082,0x1082,0x1082,
  0x1082,0x1082,0x1082,0x1082,0x1082,0x1082,0x1082,0x1082,0x1082,0x1082,0x1082,0x1082,
  0x1082,0x1082,0x1082,0x1082,0x1082,0x1082,0x1082,0x1082,0x1082,0x1082,0x1082,0x1082,
  0x1082,0x1082,0x1082,0x1082,0x1082,0x1082,0x1082,0x1082,0x1082,0x1082,0x1082,0x1082,
  0x1082,0x1082,0x1082,0x1082,0x1082,0x1082,0x1082,0x1082,0x1082,0x1082,0x1082,0x1082,
  0x1082,0x1082,0x1082,0x1082,0x1082,0x1082,0x1082,0x1082,0x1082,0x1082,0x1082,0x1082,
  0x1082,0x1082,0x1082,0x1082,0x1082,0x1082,0x0862,0x1062,0x4142,0x4142,0x3922,0x0862,
  0x1082,0x1082,0x1082,0x1082,0x1082,0x1082,0x1082,0x1082,0x1082,0x1082,0x1082,0x1082,
  0x1082,0x1082,0x1082,0x1082,0x1082,0x1082,0x1082,0x1082,0x1082,0x1082,0x1082,0x1082,
  0x1082,0x1082,0x1082,0x1082,0x1082,0x1082,0x1082,0x1082,0x1082,0x1082,0x1082,0x1082,
  0x1082,0x1082,0x1082,0x1082,0x1082,0x1082,0x1082,0x1082,0x1082,0x1082,0x1082,0x1082,
  0x1082,0x1082,0x1082,0x1082,0x1082,0x1082,0x1082,0x1082,0x1082,0x1082,0x1082,0x1082,
  0x1082,0x1082,0x1082,0x1082,0x1082,0x1082,0x1082,0x1082,0x1082,0x1082,0x1082,0x1082,
  0x1082,0x1082,0x1082,0x1082,0x1082,0x1082,0x1082,0x1082,0x1082,0x1082,0x1082,0x1082,
  0x1082,0x1082,0x1082,0x1082,0x1082,0x1082,0x1082,0x1082,0x1082,0x1082,0x1082,0x1082,
  0x1082,0x1082,0x1082,0x1082,0x1082,0x1082,0x1082,0x1082,0x1082,0x1082,0x1082,0x1082,
  0x1082,0x1082,0x1082,0x1082,0x1082,0x1082,0x1082,0x1082,0x1082,0x1082,0x1082,0x1082,
  0x1082,0x1082,0x1082,0x1082,0x1082,0x1082,0x1082,0x1082,0x1082,0x1082,0x1082,0x1082,
  0x1082,0x1082,0x1082,0x1082,0x1082,0x1082,0x1082,0x1082,0x1082,0x1082,0x1082,0x1082,
  0x1082,0x1082,0x1082,0x1082,0x1082,0x1082,0x1082,0x1082,0x1082,0x1082,0x1082,0x1082,
  0x1082,0x1082,0x1082,0x1082,0x1082,0x1082,0x1082,0x1082,0x1082,0x1082,0x1082,0x1082,
  0x1082,0x1082,0x1082,0x1082,0x1082,0x1082,0x1082,0x1082,0x1082,0x1082,0x1082,0x1082,
  0x1082,0x1082,0x1082,0x1082,0x1082,0x1082,0x1082,0x1082,0x1082,0x1082,0x1082,0x1082,
  0x1082,0x1082,0x1082,0x1082,0x1082,0x1082,0x1082,0x1082,0x1082,0x1082,0x1082,0x1082,
  0x1082,0x1082,0x1082,0x1082,0x1082,0x1082,0x1082,0x1082,0x1082,0x1082,0x1082,0x1082,
  0x1082,0x1082,0x1082,0x1082,0x1082,0x1082,0x1082,0x1082,0x1082,0x1082,0x1082,0x1082,
  0x1082,0x1082,0x1082,0x1082,0x1082,0x1082,0x1082,0x59C2,0xFC42,0xFC62,0xE3E2,0x3922,
  0x0862,0x1082,0x1082,0x1082,0x1082,0x1082,0x1082,0x1082,0x1082,0x1082,0x1082,0x1082,
  0x1082,0x1082,0x1082,0x1082,0x1082,0x1082,0x1082,0x1082,0x1082,0x1082,0x1082,0x1082,
  0x1082,0x1082,0x1082,0x1082,0x1082,0x1082,0x1082,0x1082,0x1082,0x1082,0x1082,0x1082,
  0x1082,0x1082,0x1082,0x1082,0x1082,0x1082,0x1082,0x1082,0x1082,0x1082,0x1082,0x1082,
  0x1082,0x1082,0x1082,0x1082,0x1082,0x1082,0x1082,0x1082,0x1082,0x1082,0x1082,0x1082,
  0x1082,0x1082,0x1082,0x1082,0x1082,0x1082,0x1082,0x1082,0x1082,0x1082,0x1082,0x1082,
  0x1082,0x1082,0x1082,0x1082,0x1082,0x1082,0x1082,0x1082,0x1082,0x1082,0x1082,0x1082,
  0x1082,0x1082,0x1082,0x1082,0x1082,0x1082,0x1082,0x1082,0x1082,0x1082,0x1082,0x1082,
  0x1082,0x1082,0x1082,0x1082,0x1082,0x1082,0x1082,0x1082,0x1082,0x1082,0x1082,0x1082,
  0x1082,0x1082,0x1082,0x1082,0x1082,0x1082,0x1082,0x1082,0x1082,0x1082,0x1082,0x1082,
  0x1082,0x1082,0x1082,0x1082,0x1082,0x1082,0x1082,0x1082,0x1082,0x1082,0x1082,0x1082,
  0x1082,0x1082,0x1082,0x1082,0x1082,0x1082,0x1082,0x1082,0x1082,0x1082,0x1082,0x1082,
  0x1082,0x1082,0x1082,0x1082,0x1082,0x1082,0x1082,0x1082,0x1082,0x1082,0x1082,0x1082,
  0x1082,0x1082,0x1082,0x1082,0x1082,0x1082,0x1082,0x1082,0x1082,0x1082,0x1082,0x1082,
  0x1082,0x1082,0x1082,0x1082,0x1082,0x1082,0x1082,0x1082,0x1082,0x1082,0x1082,0x1082,
  0x1082,0x1082,0x1082,0x1082,0x1082,0x1082,0x1082,0x1082,0x1082,0x1082,0x1082,0x1082,
  0x1082,0x1082,0x1082,0x1082,0x1082,0x1082,0x1082,0x1082,0x1082,0x1082,0x1082,0x1082,
  0x1082,0x1082,0x1082,0x1082,0x1082,0x1082,0x1082,0x1082,0x1082,0x1082,0x1082,0x1082,
  0x1082,0x1082,0x1082,0x1082,0x1082,0x1082,0x1082,0x1082,0x1082,0x1082,0x1082,0x1082,
  0x1082,0x1082,0x1082,0x1082,0x1082,0x0862,0x3102,0xFC42,0xF422,0xF422,0xFC42,0xE3E2,
  0x3922,0x0862,0x1082,0x1082,0x1082,0x1082,0x1082,0x1082,0x1082,0x1082,0x1082,0x1082,
  0x1082,0x1082,0x1082,0x1082,0x1082,0x1082,0x1082,0x1082,0x1082,0x1082,0x1082,0x1082,
  0x1082,0x1082,0x1082,0x1082,0x1082,0x1082,0x1082,0x1082,0x1082,0x1082,0x1082,0x1082,
  0x1082,0x0842,0x0042,0x0842,0x1082,0x1082,0x1082,0x1082,0x1082,0x1082,0x1082,0x1082,
  0x1082,0x1082,0x1082,0x1082,0x1082,0x1082,0x1082,0x1082,0x1082,0x1082,0x1082,0x1082,
  0x1082,0x1082,0x1082,0x1082,0x1082,0x1082,0x1082,0x1082,0x1082,0x1082,0x1082,0x1082,
  0x1082,0x1082,0x1082,0x1082,0x1082,0x1082,0x1082,0x1082,0x1082,0x1082,0x1082,0x1082,
  0x1082,0x1082,0x1082,0x1082,0x1082,0x1082,0x1082,0x1082,0x1082,0x1082,0x1082,0x1082,
  0x1082,0x1082,0x1082,0x1082,0x1082,0x1082,0x1082,0x1082,0x1082,0x1082,0x1082,0x1082,
  0x1082,0x1082,0x1082,0x1082,0x1082,0x1082,0x1082,0x1082,0x1082,0x1082,0x1082,0x1082,
  0x1082,0x1082,0x1082,0x1082,0x1082,0x1082,0x1082,0x1082,0x1082,0x1082,0x1082,0x1082,
  0x1082,0x1082,0x1082,0x1082,0x1082,0x1082,0x1082,0x1082,0x1082,0x1082,0x1082,0x1082,
  0x1082,0x1082,0x1082,0x1082,0x1082,0x1082,0x1082,0x1082,0x1082,0x1082,0x1082,0x1082,
  0x1082,0x1082,0x1082,0x1082,0x1082,0x1082,0x1082,0x1082,0x1082,0x1082,0x1082,0x1082,
  0x1082,0x1082,0x1082,0x1082,0x1082,0x1082,0x1082,0x1082,0x1082,0x1082,0x1082,0x1082,
  0x1082,0x1082,0x1082,0x1082,0x1082,0x1082,0x1082,0x1082,0x1082,0x1082,0x1082,0x1082,
  0x1082,0x1082,0x1082,0x1082,0x1082,0x1082,0x1082,0x1082,0x1082,0x1082,0x1082,0x1082,
  0x1082,0x1082,0x1082,0x1082,0x1082,0x1082,0x1082,0x1082,0x1082,0x1082,0x1082,0x1082,
  0x1082,0x1082,0x1082,0x1082,0x1082,0x1082,0x1082,0x1082,0x1082,0x1082,0x1082,0x1082,
  0x1082,0x1082,0x1082,0x1082,0x1082,0x0862,0x3102,0xF422,0xF422,0xF422,0xF422,0xFC42,
  0xE3E2,0x3922,0x0862,0x1082,0x1082,0x1082,0x1082,0x1082,0x1082,0x1082,0x1082,0x1082,
  0x1082,0x1082,0x1082,0x1082,0x1082,0x1082,0x1082,0x1082,0x1082,0x1082,0x1082,0x1082,
  0x1082,0x1082,0x1082,0x1082,0x1082,0x1082,0x1082,0x1082,0x1082,0x1082,0x1082,0x1062,
  0x0862,0x3922,0x4142,0x3922,0x1082,0x1082,0x1082,0x1082,0x1082,0x1082,0x1082,0x1082,
  0x1082,0x1082,0x1082,0x1082,0x1082,0x1082,0x1082,0x1082,0x1082,0x1082,0x1082,0x1082,
  0x1082,0x1082,0x1082,0x1082,0x1082,0x1082,0x1082,0x1082,0x1082,0x1082,0x1082,0x1082,
  0x1082,0x1082,0x1082,0x1082,0x1082,0x1082,0x1082,0x1082,0x1082,0x1082,0x1082,0x1082,
  0x1082,0x1082,0x1082,0x1082,0x1082,0x1082,0x1082,0x1082,0x1082,0x1082,0x1082,0x1082,
  0x1082,0x1082,0x1082,0x1082,0x1082,0x1082,0x1082,0x1082,0x1082,0x1082,0x1082,0x1082,
  0x1082,0x1082,0x1082,0x1082,0x1082,0x1082,0x1082,0x1082,0x1082,0x1082,0x1082,0x1082,
  0x1082,0x1082,0x1082,0x1082,0x1082,0x1082,0x1082,0x1082,0x1082,0x1082,0x1082,0x1082,
  0x1082,0x1082,0x1082,0x1082,0x1082,0x1082,0x1082,0x1082,0x1082,0x1082,0x1082,0x1082,
  0x1082,0x1082,0x1082,0x1082,0x1082,0x1082,0x1082,0x1082,0x1082,0x1082,0x1082,0x1082,
  0x1082,0x1082,0x1082,0x1082,0x1082,0x1082,0x1082,0x1082,0x1082,0x1082,0x1082,0x1082,
  0x1082,0x1082,0x1082,0x1082,0x1082,0x1082,0x1082,0x1082,0x1082,0x1082,0x1082,0x1082,
  0x1082,0x1082,0x1082,0x1082,0x1082,0x1082,0x1082,0x1082,0x1082,0x1082,0x1082,0x1082,
  0x1082,0x1082,0x1082,0x1082,0x1082,0x1082,0x1082,0x1082,0x1082,0x1082,0x1082,0x1082,
  0x1082,0x1082,0x1082,0x1082,0x1082,0x1082,0x1082,0x1082,0x1082,0x1082,0x1082,0x1082,
  0x1082,0x1082,0x1082,0x1082,0x1082,0x1082,0x1082,0x1082,0x1082,0x1082,0x1082,0x1082,
  0x1082,0x1082,0x1082,0x1082,0x1082,0x0862,0x28E2,0xF422,0xF422,0xF422,0xF422,0xF422,
  0xFC42,0xE3E2,0x3922,0x0862,0x1082,0x1082,0x1082,0x1082,0x1082,0x1082,0x1082,0x1082,
  0x1082,0x1082,0x1082,0x1082,0x1082,0x1082,0x1082,0x1082,0x1082,0x1082,0x1082,0x1082,
  0x1082,0x1082,0x1082,0x1082,0x1082,0x1082,0x1082,0x1082,0x1082,0x1082,0x1082,0x1082,
  0x4962,0xF402,0xFC62,0xEBE2,0x18A2,0x0862,0x1082,0x1082,0x1082,0x1082,0x1082,0x1082,
  0x1082,0x1082,0x1082,0x1082,0x1082,0x1082,0x1082,0x1082,0x1082,0x1082,0x1082,0x1082,
  0x1082,0x1082,0x1082,0x1082,0x1082,0x1082,0x1082,0x1082,0x1082,0x1082,0x1082,0x1082,
  0x1082,0x1082,0x1082,0x1082,0x1082,0x1082,0x1082,0x1082,0x1082,0x1082,0x1082,0x1082,
  0x1082,0x1082,0x1082,0x1082,0x1082,0x1082,0x1082,0x1082,0x1082,0x1082,0x1082,0x1082,
  0x1082,0x1082,0x1082,0x1082,0x1082,0x1082,0x1082,0x1082,0x1082,0x1082,0x1082,0x1082,
  0x1082,0x1082,0x1082,0x1082,0x1082,0x1082,0x1082,0x1082,0x1082,0x1082,0x1082,0x1082,
  0x1082,0x1082,0x1082,0x1082,0x1082,0x1082,0x1082,0x1082,0x1082,0x1082,0x1082,0x1082,
  0x1082,0x1082,0x1082,0x1082,0x1082,0x1082,0x1082,0x1082,0x1082,0x1082,0x1082,0x1082,
  0x1082,0x1082,0x1082,0x1082,0x1082,0x1082,0x1082,0x1082,0x1082,0x1082,0x1082,0x1082,
  0x1082,0x1082,0x1082,0x1082,0x1082,0x1082,0x1082,0x1082,0x1082,0x1082,0x1082,0x1082,
  0x1082,0x1082,0x1082,0x1082,0x1082,0x1082,0x1082,0x1082,0x1082,0x1082,0x1082,0x1082,
  0x1082,0x1082,0x1082,0x1082,0x1082,0x1082,0x1082,0x1082,0x1082,0x1082,0x1082,0x1082,
  0x1082,0x1082,0x1082,0x1082,0x1082,0x1082,0x1082,0x1082,0x1082,0x1082,0x1082,0x1082,
  0x1082,0x1082,0x1082,0x1082,0x1082,0x1082,0x1082,0x1082,0x1082,0x1082,0x1082,0x1082,
  0x1082,0x1082,0x1082,0x1082,0x1082,0x1082,0x1082,0x1082,0x1082,0x1082,0x1082,0x1082,
  0x1082,0x1082,0x1082,0x1082,0x1082,0x1082,0x59A2,0xFC42,0xF422,0xF422,0xF422,0xF422,
  0xF422,0xFC42,0xE3E2,0x3922,0x0862,0x1082,0x1082,0x1082,0x1082,0x1082,0x1082,0x1082,
  0x1082,0x1082,0x1082,0x1082,0x0842,0x0842,0x0042,0x0862,0x1082,0x0862,0x0042,0x0862,
  0x1082,0x1082,0x1082,0x1082,0x1082,0x1082,0x1082,0x1082,0x1082,0x1082,0x0862,0x18A2,
  0xEC02,0xFC22,0xFC22,0xF402,0x18C2,0x0862,0x1082,0x1082,0x1082,0x1082,0x1082,0x1082,
  0x1082,0x1082,0x1082,0x1082,0x1082,0x1082,0x1082,0x1082,0x1082,0x1082,0x1082,0x1082,
  0x1082,0x1082,0x1082,0x1082,0x1082,0x1082,0x1082,0x1082,0x1082,0x1082,0x1082,0x1082,
  0x1082,0x1082,0x1082,0x1082,0x1082,0x1082,0x1082,0x1082,0x1082,0x1082,0x1082,0x1082,
  0x1082,0x1082,0x1082,0x1082,0x1082,0x1082,0x1082,0x1082,0x1082,0x1082,0x1082,0x1082,
  0x1082,0x1082,0x1082,0x1082,0x1082,0x1082,0x1082,0x1082,0x1082,0x1082,0x1082,0x1082,
  0x1082,0x1082,0x1082,0x1082,0x1082,0x1082,0x1082,0x1082,0x1082,0x1082,0x1082,0x1082,
  0x1082,0x1082,0x1082,0x1082,0x1082,0x1082,0x1082,0x1082,0x1082,0x1082,0x1082,0x1082,
  0x1082,0x1082,0x1082,0x1082,0x1082,0x1082,0x1082,0x1082,0x1082,0x1082,0x1082,0x1082,
  0x1082,0x1082,0x1082,0x1082,0x1082,0x1082,0x1082,0x1082,0x1082,0x1082,0x1082,0x1082,
  0x1082,0x1082,0x1082,0x1082,0x1082,0x1082,0x1082,0x1082,0x1082,0x1082,0x1082,0x1082,
  0x1082,0x1082,0x1082,0x1082,0x1082,0x1082,0x1082,0x1082,0x1082,0x1082,0x1082,0x1082,
  0x1082,0x1082,0x1082,0x1082,0x1082,0x1082,0x1082,0x1082,0x1082,0x1082,0x1082,0x1082,
  0x1082,0x1082,0x1082,0x1082,0x1082,0x1082,0x1082,0x1082,0x1082,0x1082,0x1082,0x1082,
  0x1082,0x1082,0x1082,0x1082,0x1082,0x1082,0x1082,0x1082,0x1082,0x1082,0x1082,0x1082,
  0x1082,0x1082,0x1082,0x1082,0x1082,0x1082,0x1082,0x1082,0x1082,0x1082,0x1082,0x1082,
  0x1082,0x1082,0x1082,0x1082,0x0862,0x3922,0xFC22,0xD382,0xF422,0xFC22,0xF422,0xF422,
  0xF422,0xF422,0xFC42,0xE3E2,0x3122,0x0862,0x1082,0x1082,0x1082,0x1082,0x1082,0x1082,
  0x1082,0x0862,0x0042,0x0862,0x3922,0x3922,0x3922,0x3102,0x0862,0x3922,0x3922,0x3102,
  0x0862,0x0042,0x0842,0x0842,0x0842,0x0862,0x1082,0x1082,0x1082,0x1082,0x0862,0x4962,
  0xEC02,0xFC22,0xF422,0xB322,0x18A2,0x0862,0x1082,0x1082,0x1082,0x1082,0x1082,0x1082,
  0x1082,0x1082,0x1082,0x1082,0x1082,0x1082,0x1082,0x1082,0x1082,0x1082,0x1082,0x1082,
  0x1082,0x1082,0x1082,0x1082,0x1082,0x1082,0x1082,0x1082,0x1082,0x1082,0x1082,0x1082,
  0x1082,0x1082,0x1082,0x1082,0x1082,0x1082,0x1082,0x1082,0x1082,0x1082,0x1082,0x1082,
  0x1082,0x1082,0x1082,0x1082,0x1082,0x1082,0x1082,0x1082,0x1082,0x1082,0x1082,0x1082,
  0x1082,0x1082,0x1082,0x1082,0x1082,0x1082,0x1082,0x1082,0x1082,0x1082,0x1082,0x1082,
  0x1082,0x1082,0x1082,0x1082,0x1082,0x1082,0x1082,0x1082,0x1082,0x1082,0x1082,0x1082,
  0x1082,0x1082,0x1082,0x1082,0x1082,0x1082,0x1082,0x1082,0x1082,0x1082,0x1082,0x1082,
  0x1082,0x1082,0x1082,0x1082,0x1082,0x1082,0x1082,0x1082,0x1082,0x1082,0x1082,0x1082,
  0x1082,0x1082,0x1082,0x1082,0x1082,0x1082,0x1082,0x1082,0x1082,0x1082,0x1082,0x1082,
  0x1082,0x1082,0x1082,0x1082,0x1082,0x1082,0x1082,0x1082,0x1082,0x1082,0x1082,0x1082,
  0x1082,0x1082,0x1082,0x1082,0x1082,0x1082,0x1082,0x1082,0x1082,0x1082,0x1082,0x1082,
  0x1082,0x1082,0x1082,0x1082,0x1082,0x1082,0x1082,0x1082,0x1082,0x1082,0x1082,0x1082,
  0x1082,0x1082,0x1082,0x1082,0x1082,0x1082,0x1082,0x1082,0x1082,0x1082,0x1082,0x1082,
  0x1082,0x1082,0x1082,0x1082,0x1082,0x1082,0x1082,0x1082,0x1082,0x1082,0x1082,0x1082,
  0x1082,0x1082,0x1082,0x1082,0x1082,0x1082,0x1082,0x1082,0x1082,0x1082,0x1082,0x1082,
  0x1082,0x1082,0x1082,0x1082,0x0862,0x3102,0xAAE2,0x3102,0xF422,0xFC22,0xF422,0xF422,
  0xF422,0xF422,0xF422,0xFC42,0xE3E2,0x3122,0x0862,0x1082,0x1082,0x1082,0x1082,0x0042,
  0x0862,0x3922,0x3122,0x5182,0xF422,0xFC22,0xFC42,0xE3C2,0x5182,0xF402,0xFC42,0xE3E2,
  0x4142,0x3922,0x3922,0x3922,0x3922,0x3922,0x1082,0x1082,0x0862,0x0862,0x4962,0xF402,
  0xFC22,0xFC22,0xEBE2,0x4962,0x1082,0x1082,0x1082,0x1082,0x1082,0x1082,0x1082,0x1082,
  0x1082,0x1082,0x1082,0x1082,0x1082,0x1082,0x1082,0x1082,0x1082,0x1082,0x1082,0x1082,
  0x1082,0x1082,0x1082,0x1082,0x1082,0x1082,0x1082,0x1082,0x1082,0x1082,0x1082,0x1082,
  0x1082,0x1082,0x1082,0x1082,0x1082,0x1082,0x1082,0x1082,0x1082,0x1082,0x1082,0x1082,
  0x1082,0x1082,0x1082,0x1082,0x1082,0x1082,0x1082,0x1082,0x1082,0x1082,0x1082,0x1082,
  0x1082,0x1082,0x1082,0x1082,0x1082,0x1082,0x1082,0x1082,0x1082,0x1082,0x1082,0x1082,
  0x1082,0x1082,0x1082,0x1082,0x1082,0x1082,0x1082,0x1082,0x1082,0x1082,0x1082,0x1082,
  0x1082,0x1082,0x1082,0x1082,0x1082,0x1082,0x1082,0x1082,0x1082,0x1082,0x1082,0x1082,
  0x1082,0x1082,0x1082,0x1082,0x1082,0x1082,0x1082,0x1082,0x1082,0x1082,0x1082,0x1082,
  0x1082,0x1082,0x1082,0x1082,0x1082,0x1082,0x1082,0x1082,0x1082,0x1082,0x1082,0x1082,
  0x1082,0x1082,0x1082,0x1082,0x1082,0x1082,0x1082,0x1082,0x1082,0x1082,0x1082,0x1082,
  0x1082,0x1082,0x1082,0x1082,0x1082,0x1082,0x1082,0x1082,0x1082,0x1082,0x1082,0x1082,
  0x1082,0x1082,0x1082,0x1082,0x1082,0x1082,0x1082,0x1082,0x1082,0x1082,0x1082,0x1082,
  0x1082,0x1082,0x1082,0x1082,0x1082,0x1082,0x1082,0x1082,0x1082,0x1082,0x1082,0x1082,
  0x1082,0x1082,0x1082,0x1082,0x1082,0x1082,0x1082,0x1082,0x1082,0x1082,0x1082,0x1082,
  0x1082,0x1082,0x1082,0x1082,0x1082,0x1082,0x1082,0x1082,0x1082,0x1082,0x1082,0x1082,
  0x1082,0x1082,0x1082,0x1082,0x1082,0x1082,0x0042,0x3102,0xF422,0xFC22,0xF422,0xF422,
  0xF422,0xF422,0xF422,0xF422,0xFC42,0xE3C2,0x3122,0x0062,0x0862,0x0042,0x0862,0x3102,
  0x5182,0xF422,0xFC42,0xFC22,0xF422,0xF422,0xF422,0xF422,0xFC22,0xF422,0xFC22,0xFC42,
  0xFC22,0xFC22,0xFC22,0xFC22,0xFC42,0xE3E2,0x1082,0x0862,0x3102,0x4962,0xF402,0xFC22,
  0xF422,0xF422,0xF422,0xBB42,0x18A2,0x0862,0x1082,0x1082,0x1082,0x1082,0x1082,0x1082,
  0x1082,0x1082,0x1082,0x1082,0x1082,0x1082,0x1082,0x1082,0x1082,0x1082,0x1082,0x1082,
  0x1082,0x1082,0x1082,0x1082,0x1082,0x1082,0x1082,0x1082,0x1082,0x1082,0x1082,0x1082,
  0x1082,0x1082,0x1082,0x1082,0x1082,0x1082,0x1082,0x1082,0x1082,0x1082,0x1082,0x1082,
  0x1082,0x1082,0x1082,0x1082,0x1082,0x1082,0x1082,0x1082,0x1082,0x1082,0x1082,0x1082,
  0x1082,0x1082,0x1082,0x1082,0x1082,0x1082,0x1082,0x1082,0x1082,0x1082,0x1082,0x1082,
  0x1082,0x1082,0x1082,0x1082,0x1082,0x1082,0x1082,0x1082,0x1082,0x1082,0x1082,0x1082,
  0x1082,0x1082,0x1082,0x1082,0x1082,0x1082,0x1082,0x1082,0x1082,0x1082,0x1082,0x1082,
  0x1082,0x1082,0x1082,0x1082,0x1082,0x1082,0x1082,0x1082,0x1082,0x1082,0x1082,0x1082,
  0x1082,0x1082,0x1082,0x1082,0x1082,0x1082,0x1082,0x1082,0x1082,0x1082,0x1082,0x1082,
  0x1082,0x1082,0x1082,0x1082,0x1082,0x1082,0x1082,0x1082,0x1082,0x1082,0x1082,0x1082,
  0x1082,0x1082,0x1082,0x1082,0x1082,0x1082,0x1082,0x1082,0x1082,0x1082,0x1082,0x1082,
  0x1082,0x1082,0x1082,0x1082,0x1082,0x1082,0x1082,0x1082,0x1082,0x1082,0x1082,0x1082,
  0x1082,0x1082,0x1082,0x1082,0x1082,0x1082,0x1082,0x1082,0x1082,0x1082,0x1082,0x1082,
  0x1082,0x1082,0x1082,0x1082,0x1082,0x1082,0x1082,0x1082,0x1082,0x1082,0x1082,0x1082,
  0x1082,0x1082,0x1082,0x1082,0x1082,0x1082,0x1082,0x1082,0x1082,0x1082,0x1082,0x1082,
  0x1082,0x1082,0x1082,0x1082,0x1082,0x1082,0x0862,0x3102,0xFC42,0xFC22,0xF422,0xF422,
  0xF422,0xF422,0xF422,0xF422,0xF422,0xFC42,0xE3C2,0x3922,0x3922,0x3102,0x5182,0xF422,
  0xFC22,0xF422,0xF422,0xF422,0xF422,0xF422,0xF422,0xF422,0xF422,0xFC22,0xF402,0xD3A2,
  0xF422,0xF422,0xF422,0xF422,0xFC22,0xE3E2,0x3922,0x4162,0xF402,0xFC42,0xF422,0xF422,
  0xF422,0xFC22,0xEBE2,0x3922,0x1082,0x1082,0x1082,0x1082,0x1082,0x1082,0x1082,0x1082,
  0x1082,0x1082,0x1082,0x1082,0x1082,0x1082,0x1082,0x1082,0x1082,0x1082,0x1082,0x1082,
  0x1082,0x1082,0x1082,0x1082,0x1082,0x1082,0x1082,0x1082,0x1082,0x0862,0x0862,0x0862,
  0x0862,0x0862,0x0862,0x0862,0x0862,0x0862,0x1082,0x1082,0x1082,0x1082,0x1082,0x1082,
  0x1082,0x1082,0x1082,0x1082,0x1082,0x1082,0x1082,0x1082,0x1082,0x1082,0x1082,0x1082,
  0x1082,0x1082,0x1082,0x1082,0x1082,0x1082,0x1082,0x1082,0x1082,0x1082,0x1082,0x1082,
  0x0862,0x0862,0x0862,0x1062,0x1082,0x1082,0x1082,0x1082,0x1082,0x1082,0x1082,0x1082,
  0x0862,0x0862,0x0862,0x1062,0x1082,0x1082,0x1082,0x1082,0x1082,0x1082,0x1082,0x1082,
  0x0862,0x0862,0x0862,0x0862,0x1082,0x1082,0x1082,0x1082,0x1082,0x1082,0x1082,0x1082,
  0x1082,0x1082,0x1082,0x1082,0x1082,0x1082,0x1082,0x1082,0x1082,0x1082,0x1082,0x1082,
  0x1082,0x1082,0x1082,0x1082,0x1082,0x1082,0x1082,0x1082,0x1082,0x1082,0x1082,0x1082,
  0x1082,0x1082,0x1082,0x1082,0x1082,0x1082,0x0862,0x0842,0x0842,0x0862,0x1082,0x1082,
  0x1082,0x1082,0x1082,0x1082,0x1082,0x1082,0x1082,0x1082,0x1082,0x1082,0x1082,0x1082,
  0x1082,0x1082,0x1082,0x1082,0x1082,0x1082,0x1082,0x1082,0x1082,0x1082,0x1082,0x1082,
  0x1082,0x1082,0x1082,0x1082,0x1082,0x1082,0x1082,0x1082,0x1082,0x1082,0x1082,0x1082,
  0x1082,0x1082,0x1082,0x1082,0x1082,0x1082,0x1082,0x1082,0x1082,0x1082,0x1082,0x1082,
  0x1082,0x1082,0x1082,0x1082,0x1082,0x1082,0x0862,0x28E2,0xD3A2,0xF422,0xF422,0xF422,
  0xF422,0xF422,0xF422,0xF422,0xF422,0xF422,0xF422,0xFC22,0xFC22,0xFC22,0xFC22,0xF422,
  0xF422,0xF422,0xF422,0xF422,0xF422,0xF422,0xF422,0xF422,0xF422,0xFC42,0xDBA2,0x20C2,
  0xEC02,0xFC22,0xF422,0xF422,0xF422,0xF422,0xFC22,0xFC22,0xF422,0xF422,0xF422,0xF422,
  0xF422,0xF422,0xFC22,0xEBE2,0x18A2,0x0862,0x1082,0x1082,0x1082,0x1082,0x1082,0x1082,
  0x1082,0x1082,0x1082,0x1082,0x1082,0x1082,0x1082,0x1082,0x1082,0x1082,0x1082,0x1082,
  0x1082,0x1082,0x1082,0x1082,0x1082,0x1082,0x1082,0x1082,0x1082,0x3102,0x3922,0x3922,
  0x3922,0x3922,0x3922,0x3922,0x3922,0x3922,0x1082,0x1082,0x1082,0x1082,0x1082,0x1082,
  0x1082,0x1082,0x1082,0x1082,0x1082,0x1082,0x1082,0x1082,0x1082,0x1082,0x1082,0x1082,
  0x1082,0x1082,0x1082,0x1082,0x1082,0x1082,0x1082,0x1082,0x1082,0x1082,0x1082,0x1082,
  0x3102,0x3922,0x3922,0x18A2,0x1082,0x1082,0x1082,0x1082,0x1082,0x1082,0x1082,0x1082,
  0x3102,0x3922,0x3922,0x18A2,0x1082,0x1082,0x1082,0x1082,0x1082,0x1082,0x1082,0x1082,
  0x28E2,0x3922,0x3922,0x18A2,0x1082,0x1082,0x1082,0x1082,0x1082,0x1082,0x1082,0x1082,
  0x1082,0x1082,0x1082,0x1082,0x1082,0x1082,0x1082,0x1082,0x1082,0x1082,0x1082,0x1082,
  0x1082,0x1082,0x1082,0x1082,0x1082,0x1082,0x1082,0x1082,0x1082,0x1082,0x1082,0x1082,
  0x1082,0x1082,0x1082,0x1082,0x1082,0x1082,0x28E2,0x3922,0x3922,0x18A2,0x1082,0x1082,
  0x1082,0x1082,0x1082,0x1082,0x1082,0x1082,0x1082,0x1082,0x1082,0x1082,0x1082,0x1082,
  0x1082,0x1082,0x1082,0x1082,0x1082,0x1082,0x1082,0x1082,0x1082,0x1082,0x1082,0x1082,
  0x1082,0x1082,0x1082,0x1082,0x1082,0x1082,0x1082,0x1082,0x1082,0x1082,0x1082,0x1082,
  0x1082,0x1082,0x1082,0x1082,0x1082,0x1082,0x1082,0x1082,0x1082,0x1082,0x1082,0x1082,
  0x1082,0x1082,0x1082,0x1082,0x1082,0x1082,0x1082,0x0862,0x3102,0xF422,0xFC22,0xF422,
  0xF422,0xF422,0xF422,0xF422,0xF422,0xF422,0xF422,0xF422,0xF422,0xF422,0xF422,0xF422,
  0xF422,0xF422,0xF422,0xF422,0xF422,0xF422,0xF422,0xF422,0xF422,0xFC42,0xDBC2,0x5182,
  0xEC02,0xFC22,0xF422,0xF422,0xF422,0xF422,0xF422,0xF422,0xF422,0xF422,0xF422,0xF422,
  0xF422,0xF422,0xFC22,0xE3E2,0x18A2,0x0862,0x1082,0x1082,0x1082,0x1082,0x1082,0x1082,
  0x1082,0x1082,0x1082,0x1082,0x1082,0x1082,0x1082,0x1082,0x1082,0x1082,0x1082,0x1082,
  0x1082,0x1082,0x1082,0x1082,0x1082,0x1082,0x1082,0x1082,0x18A2,0xDBC2,0xFC42,0xF422,
  0xFC22,0xFC22,0xFC22,0xF422,0xFC22,0xF402,0x2902,0x0862,0x1082,0x1082,0x1082,0x1082,
  0x1082,0x1082,0x1082,0x1082,0x1082,0x1082,0x1082,0x1082,0x1082,0x1082,0x1082,0x1082,
  0x1082,0x1082,0x1082,0x1082,0x1082,0x1082,0x1082,0x1082,0x1082,0x1082,0x1082,0x0862,
  0xCB82,0xFC42,0xFC22,0x3922,0x0862,0x1082,0x1082,0x1082,0x1082,0x1082,0x1082,0x0862,
  0xCB62,0xFC42,0xFC42,0x4142,0x0862,0x1082,0x1082,0x1082,0x1082,0x1082,0x1082,0x0862,
  0xC342,0xFC42,0xFC42,0x4962,0x0042,0x1082,0x1082,0x1082,0x1082,0x1082,0x1082,0x1082,
  0x1082,0x1082,0x1082,0x1082,0x1082,0x1082,0x1082,0x1082,0x1082,0x1082,0x1082,0x1082,
  0x1082,0x1082,0x1082,0x1082,0x1082,0x1082,0x1082,0x1082,0x1082,0x1082,0x1082,0x1082,
  0x1082,0x1082,0x1082,0x1082,0x1082,0x0042,0xAB02,0xFC62,0xFC62,0x59C2,0x0042,0x1082,
  0x1082,0x1082,0x1082,0x1082,0x1082,0x1082,0x1082,0x1082,0x1082,0x1082,0x1082,0x1082,
  0x1082,0x1082,0x1082,0x1082,0x1082,0x1082,0x1082,0x1082,0x1082,0x1082,0x1082,0x1082,
  0x1082,0x1082,0x1082,0x1082,0x1082,0x1082,0x1082,0x1082,0x1082,0x1082,0x1082,0x1082,
  0x1082,0x1082,0x1082,0x1082,0x1082,0x1082,0x1082,0x1082,0x1082,0x1082,0x1082,0x1082,
  0x1082,0x1082,0x1082,0x1082,0x1082,0x1082,0x1082,0x0042,0x3102,0xF422,0xFC22,0xF422,
  0xF422,0xF422,0xF422,0xF422,0xF422,0xF422,0xF422,0xF422,0xF422,0xF422,0xF422,0xF422,
  0xF422,0xF422,0xF422,0xF422,0xF422,0xF422,0xF422,0xF422,0xF422,0xF422,0xF422,0xFC22,
  0xFC42,0xF422,0xF422,0xF422,0xF422,0xF422,0xF422,0xF422,0xF422,0xF422,0xF422,0xF422,
  0xF422,0xF422,0xFC22,0xE3E2,0x18A2,0x0862,0x1082,0x1082,0x1082,0x1082,0x1082,0x1082,
  0x1082,0x1082,0x1082,0x1082,0x1082,0x1082,0x1082,0x1082,0x1082,0x1082,0x1082,0x1082,
  0x1082,0x1082,0x1082,0x1082,0x1082,0x1082,0x0862,0x0042,0x1082,0xE3E2,0xFC62,0xFC42,
  0xFC42,0xFC42,0xFC42,0xFC42,0xFC42,0xFC22,0x20E2,0x0042,0x0862,0x1082,0x1082,0x1082,
  0x1082,0x1082,0x1082,0x1082,0x1082,0x1082,0x1082,0x1082,0x1082,0x1082,0x1082,0x1082,
  0x1082,0x1082,0x1082,0x1082,0x1082,0x1082,0x1082,0x1082,0x1082,0x1082,0x1082,0x0862,
  0xCB82,0xFC42,0xFC22,0x3922,0x0862,0x1082,0x1082,0x1082,0x1082,0x1082,0x1082,0x0862,
  0xCB62,0xFC42,0xFC22,0x4142,0x0862,0x1082,0x1082,0x1082,0x1082,0x1082,0x1082,0x0862,
  0xC342,0xFC42,0xFC42,0x4962,0x0042,0x1082,0x1082,0x1082,0x1082,0x1082,0x1082,0x1082,
  0x1082,0x1082,0x1082,0x1082,0x1082,0x1082,0x1082,0x1082,0x1082,0x1082,0x1082,0x1082,
  0x1082,0x1082,0x1082,0x1082,0x1082,0x1082,0x1082,0x1082,0x1082,0x1082,0x1082,0x1082,
  0x1082,0x1082,0x1082,0x1082,0x1082,0x0042,0xAAE2,0xFC42,0xFC42,0x59A2,0x0042,0x1082,
  0x1082,0x1082,0x1082,0x1082,0x1082,0x1082,0x1082,0x1082,0x1082,0x1082,0x1082,0x1082,
  0x1082,0x1082,0x1082,0x1082,0x1082,0x1082,0x1082,0x1082,0x1082,0x1082,0x1082,0x1082,
  0x1082,0x1082,0x1082,0x1082,0x1082,0x1082,0x1082,0x1082,0x1082,0x1082,0x1082,0x1082,
  0x1082,0x1082,0x1082,0x1082,0x1082,0x1082,0x1082,0x1082,0x1082,0x1082,0x1082,0x1082,
  0x1082,0x1082,0x1082,0x1082,0x1082,0x1082,0x18A2,0x20C2,0x28E2,0xF422,0xFC22,0xF422,
  0xF422,0xF422,0xF422,0xF422,0xF422,0xF422,0xF422,0xF422,0xF422,0xF422,0xF422,0xF422,
  0xF422,0xF422,0xF422,0xF422,0xF422,0xF422,0xF422,0xF422,0xF422,0xF422,0xFC22,0xF402,
  0xDBA2,0xFC42,0xF422,0xF422,0xF422,0xF422,0xF422,0xF422,0xF422,0xF422,0xF422,0xF422,
  0xF422,0xF422,0xFC22,0xE3E2,0x18A2,0x0862,0x1082,0x1082,0x1082,0x1082,0x1082,0x1082,
  0x1082,0x1082,0x1082,0x1082,0x1082,0x1082,0x1082,0x1082,0x1082,0x1082,0x1082,0x1082,
  0x1082,0x1082,0x1082,0x1082,0x1082,0x1082,0x3102,0x3102,0x3922,0xC342,0xD3A2,0xD382,
  0xD382,0xD382,0xD382,0xD382,0xD3A2,0xD382,0x4962,0x3102,0x3102,0x1082,0x1082,0x1082,
  0x1082,0x1082,0x1082,0x1082,0x1082,0x1082,0x1082,0x1082,0x1082,0x1082,0x1082,0x1082,
  0x1082,0x1082,0x1082,0x1082,0x1082,0x1082,0x1082,0x1082,0x1082,0x1082,0x1082,0x0862,
  0xCB82,0xFC42,0xFC22,0x3922,0x0862,0x1082,0x1082,0x1082,0x1082,0x1082,0x1082,0x0862,
  0xC362,0xFC42,0xFC22,0x4142,0x0862,0x1082,0x1082,0x1082,0x1082,0x1082,0x1082,0x0862,
  0xC342,0xFC42,0xFC42,0x4962,0x0042,0x1082,0x1082,0x1082,0x1082,0x1082,0x1082,0x1082,
  0x1082,0x1082,0x1082,0x1082,0x1082,0x1082,0x1082,0x1082,0x1082,0x1082,0x1082,0x1082,
  0x1082,0x1082,0x1082,0x1082,0x1082,0x1082,0x1082,0x1082,0x1082,0x1082,0x1082,0x1082,
  0x1082,0x1082,0x1082,0x1082,0x1082,0x0042,0xAAE2,0xFC42,0xFC42,0x59A2,0x0042,0x1082,
  0x1082,0x1082,0x1082,0x1082,0x1082,0x1082,0x1082,0x1082,0x1082,0x1082,0x1082,0x1082,
  0x1082,0x1082,0x1082,0x1082,0x1082,0x1082,0x1082,0x1082,0x1082,0x1082,0x1082,0x1082,
  0x1082,0x1082,0x1082,0x1082,0x1082,0x1082,0x1082,0x1082,0x1082,0x1082,0x1082,0x1082,
  0x1082,0x1082,0x1082,0x1082,0x1082,0x1082,0x1082,0x1082,0x1082,0x1082,0x1082,0x1082,
  0x1082,0x1082,0x1082,0x1082,0x1082,0x0862,0x3922,0xD382,0x5182,0xF422,0xFC22,0xF422,
  0xF422,0xF422,0xF422,0xF422,0xF422,0xF422,0xF422,0xF422,0xF422,0xF422,0xF422,0xFC22,
  0xFC42,0xFC22,0xF422,0xF422,0xF422,0xF422,0xF422,0xF422,0xF422,0xF422,0xFC42,0xE3C2,
  0x28E2,0xCB82,0xFC42,0xF422,0xF422,0xF422,0xF422,0xF422,0xF422,0xF422,0xF422,0xF422,
  0xF422,0xF422,0xFC22,0xE3E2,0x20C2,0x0862,0x1082,0x1082,0x1082,0x1082,0x1082,0x1082,
  0x1082,0x1082,0x1082,0x1082,0x1082,0x1082,0x1082,0x1082,0x1082,0x1082,0x1082,0x1082,
  0x1082,0x1082,0x1082,0x1082,0x0862,0x18A2,0xE3C2,0xFC42,0xEC02,0x28E2,0x0862,0x1082,
  0x1082,0x1082,0x1082,0x1082,0x0862,0x1082,0xDBA2,0xFC42,0xF402,0x28E2,0x0862,0x1082,
  0x1082,0x1082,0x1082,0x1082,0x1082,0x1082,0x1082,0x1082,0x1082,0x1082,0x1082,0x1082,
  0x1082,0x1082,0x1082,0x1082,0x1082,0x1082,0x1082,0x1082,0x1082,0x1082,0x1082,0x0882,
  0xCB82,0xFC42,0xFC22,0x3922,0x0862,0x1082,0x1082,0x1082,0x1082,0x1082,0x1082,0x0862,
  0xCB62,0xFC42,0xFC22,0x4142,0x0862,0x1082,0x1082,0x1082,0x1082,0x1082,0x1082,0x0862,
  0xC342,0xFC42,0xFC42,0x4962,0x0042,0x1082,0x1082,0x1082,0x1082,0x1082,0x1082,0x1082,
  0x1082,0x1082,0x1082,0x1082,0x1082,0x1082,0x1082,0x1082,0x1082,0x1082,0x1082,0x1082,
  0x1082,0x1082,0x1082,0x1082,0x1082,0x1082,0x1082,0x1082,0x1082,0x1082,0x1082,0x1082,
  0x1082,0x1082,0x1082,0x1082,0x1082,0x0042,0xAAE2,0xFC42,0xFC42,0x59A2,0x0042,0x1082,
  0x1082,0x1082,0x1082,0x1082,0x1082,0x1082,0x1082,0x1082,0x1082,0x1082,0x1082,0x1082,
  0x1082,0x1082,0x1082,0x1082,0x1082,0x1082,0x1082,0x1082,0x1082,0x1082,0x1082,0x1082,
  0x1082,0x1082,0x1082,0x1082,0x1082,0x1082,0x1082,0x1082,0x1082,0x1082,0x1082,0x1082,
  0x1082,0x1082,0x1082,0x1082,0x1082,0x1082,0x1082,0x1082,0x1082,0x1082,0x1082,0x1082,
  0x1082,0x1082,0x1082,0x1082,0x1082,0x0862,0x3102,0xFC42,0xF422,0xF422,0xF422,0xF422,
  0xF422,0xF422,0xF422,0xF422,0xF422,0xF422,0xF422,0xF422,0xF422,0xF422,0xFC22,0xF402,
  0xD382,0xF422,0xFC22,0xF422,0xF422,0xF422,0xF422,0xF422,0xF422,0xF422,0xF422,0xC342,
  0x1082,0x20C2,0xD382,0xFC22,0xF422,0xF422,0xF422,0xF422,0xFC42,0xFC42,0xFC42,0xF422,
  0xF422,0xF422,0xFC22,0xE3E2,0x18A2,0x0862,0x1082,0x1082,0x1082,0x1082,0x1082,0x1082,
  0x1082,0x1082,0x1082,0x1082,0x1082,0x1082,0x1082,0x1082,0x1082,0x1082,0x1082,0x1082,
  0x1082,0x1082,0x1082,0x1082,0x0862,0x18A2,0xE3C2,0xFC42,0xEC02,0x28E2,0x0862,0x1082,
  0x1082,0x1082,0x1082,0x1082,0x0862,0x1082,0xE3C2,0xFC62,0xFC22,0x3102,0x0862,0x1082,
  0x1082,0x1082,0x1082,0x0862,0x0862,0x0862,0x0862,0x0862,0x0862,0x1082,0x1082,0x1082,
  0x1082,0x1082,0x1082,0x1082,0x1082,0x1082,0x0862,0x0862,0x0862,0x0862,0x0862,0x0042,
  0xCB82,0xFC42,0xFC22,0x3102,0x0042,0x0862,0x0862,0x0862,0x0862,0x1062,0x1082,0x0862,
  0xCB62,0xFC42,0xFC22,0x4142,0x0862,0x1082,0x1082,0x1082,0x1082,0x1082,0x1082,0x0862,
  0xC342,0xFC42,0xFC42,0x4962,0x0042,0x1082,0x1082,0x1082,0x1082,0x0862,0x0862,0x0862,
  0x0862,0x0862,0x0862,0x0862,0x1082,0x1082,0x1082,0x1082,0x1082,0x1082,0x1082,0x1082,
  0x1082,0x1082,0x1082,0x0862,0x0862,0x0862,0x0862,0x0862,0x0862,0x0862,0x0862,0x0862,
  0x0862,0x1082,0x1082,0x1082,0x1082,0x0042,0xAAE2,0xFC42,0xFC42,0x59A2,0x0042,0x1082,
  0x1082,0x1082,0x1082,0x0862,0x0862,0x0862,0x0862,0x1082,0x1082,0x1082,0x1082,0x1082,
  0x1082,0x1082,0x1082,0x1082,0x1082,0x1082,0x1082,0x1082,0x1082,0x1082,0x1082,0x1082,
  0x1082,0x1082,0x1082,0x1082,0x1082,0x1082,0x1082,0x1082,0x1082,0x1082,0x1082,0x1082,
  0x1082,0x1082,0x1082,0x1082,0x1082,0x1082,0x1082,0x1082,0x1082,0x1082,0x1082,0x1082,
  0x1082,0x1082,0x1082,0x1082,0x1082,0x0862,0x28E2,0xD3A2,0xFC22,0xF422,0xF422,0xFC22,
  0xF422,0xF422,0xFC42,0xFC42,0xFC42,0xFC42,0xF422,0xF422,0xF422,0xF422,0xFC42,0xDBA2,
  0x4962,0xF402,0xFC22,0xF422,0xF422,0xF422,0xF422,0xF422,0xF422,0xFC42,0xE3E2,0x18A2,
  0x1082,0x0862,0x20C2,0xEC02,0xFC22,0xF422,0xFC42,0xFC22,0xDBA2,0xD3A2,0xDBA2,0xFC42,
  0xFC42,0xF422,0xFC22,0xEBE2,0x3922,0x0862,0x1082,0x1082,0x1082,0x1082,0x1082,0x1082,
  0x1082,0x1082,0x1082,0x1082,0x1082,0x1082,0x1082,0x1082,0x1082,0x1082,0x1082,0x1082,
  0x1082,0x1082,0x1082,0x1082,0x0862,0x18A2,0xDBC2,0xFC42,0xEC02,0x28E2,0x0862,0x1082,
  0x1082,0x1082,0x1082,0x1082,0x1082,0x1082,0xBB42,0xDBC2,0xD382,0x28E2,0x0862,0x1082,
  0x1082,0x1082,0x1082,0x28E2,0x3102,0x3102,0x3102,0x3102,0x3102,0x1082,0x1082,0x1082,
  0x1082,0x1082,0x1082,0x1082,0x1082,0x1082,0x28E2,0x3102,0x3102,0x3102,0x3102,0x2902,
  0xD382,0xFC42,0xFC22,0x51A2,0x28E2,0x3102,0x3102,0x3102,0x3102,0x18A2,0x1082,0x0862,
  0xCB62,0xFC42,0xFC22,0x4142,0x0862,0x1082,0x1082,0x1082,0x1082,0x1082,0x1082,0x0862,
  0xC342,0xFC42,0xFC42,0x4962,0x0042,0x1082,0x1082,0x1082,0x1082,0x28E2,0x3102,0x3102,
  0x3102,0x3102,0x3102,0x18A2,0x1082,0x1082,0x1082,0x1082,0x1082,0x1082,0x1082,0x1082,
  0x1082,0x1082,0x1082,0x28E2,0x3102,0x3102,0x3102,0x3102,0x3102,0x3102,0x3102,0x3102,
  0x18A2,0x1082,0x1082,0x1082,0x1082,0x0042,0xAAE2,0xFC42,0xFC42,0x59A2,0x0042,0x1082,
  0x1082,0x1082,0x1082,0x20C2,0x3102,0x3102,0x18A2,0x1082,0x1082,0x1082,0x1082,0x1082,
  0x1082,0x1082,0x1082,0x1082,0x1082,0x1082,0x1082,0x1082,0x1082,0x1082,0x1082,0x1082,
  0x1082,0x1082,0x1082,0x1082,0x1082,0x1082,0x1082,0x1082,0x1082,0x1082,0x1082,0x1082,
  0x1082,0x1082,0x1082,0x1082,0x1082,0x1082,0x1082,0x1082,0x1082,0x1082,0x1082,0x1082,
  0x1082,0x1082,0x1082,0x1082,0x1082,0x1082,0x1082,0x4982,0xF422,0xF422,0xF422,0xF422,
  0xFC22,0xFC22,0xDBA2,0xDBA2,0xD3A2,0xDBC2,0xFC42,0xFC42,0xF422,0xF422,0xF422,0xF422,
  0xF422,0xF422,0xF422,0xF422,0xF422,0xF422,0xF422,0xF422,0xF422,0xFC22,0xC362,0x1882,
  0x1082,0x0862,0x4142,0xEC02,0xFC42,0xFC22,0xDBC2,0xC362,0x18A2,0x0862,0x20C2,0xCB82,
  0xDBC2,0xFC42,0xF422,0xFC22,0xEBE2,0x3922,0x1082,0x1082,0x1082,0x1082,0x1082,0x1082,
  0x1082,0x1082,0x1082,0x1082,0x1082,0x1082,0x1082,0x1082,0x1082,0x1082,0x1082,0x1082,
  0x1082,0x1082,0x1082,0x1082,0x0862,0x18A2,0xDBC2,0xFC42,0xEC02,0x28E2,0x0862,0x1082,
  0x1082,0x1082,0x1082,0x1082,0x1082,0x1082,0x1082,0x1082,0x1082,0x1082,0x1082,0x1082,
  0x1082,0x1082,0x1082,0xD3A2,0xFC42,0xF402,0xF422,0xF422,0xF422,0x3102,0x0862,0x1082,
  0x1082,0x1082,0x1082,0x1082,0x1082,0x0862,0xCB82,0xFC42,0xF402,0xF422,0xF422,0xF422,
  0xF422,0xF422,0xF422,0xF422,0xF402,0xF422,0xF422,0xF422,0xFC22,0x3942,0x0862,0x0862,
  0xCB62,0xFC42,0xFC22,0x4142,0x0862,0x1082,0x1082,0x1082,0x1082,0x1082,0x1082,0x0862,
  0xC342,0xFC42,0xFC42,0x4962,0x0042,0x1082,0x1082,0x1082,0x0862,0xBB22,0xFC42,0xF402,
  0xF422,0xF402,0xFC42,0x4962,0x0862,0x1082,0x1082,0x1082,0x1082,0x1082,0x1082,0x1082,
  0x1082,0x1082,0x0862,0xB302,0xFC42,0xF402,0xF422,0xF422,0xF422,0xF422,0xF402,0xFC42,
  0x59A2,0x0042,0x1082,0x1082,0x1082,0x0042,0xAAE2,0xFC42,0xFC42,0x59A2,0x0042,0x1082,
  0x1082,0x1082,0x0042,0xA2C2,0xFC42,0xFC42,0x61C2,0x0042,0x1082,0x1082,0x1082,0x1082,
  0x1082,0x1082,0x1082,0x1082,0x1082,0x1082,0x1082,0x1082,0x1082,0x1082,0x1082,0x1082,
  0x1082,0x1082,0x1082,0x1082,0x1082,0x1082,0x1082,0x1082,0x1082,0x1082,0x1082,0x1082,
  0x1082,0x1082,0x1082,0x1082,0x1082,0x1082,0x1082,0x1082,0x1082,0x1082,0x1082,0x1082,
  0x1082,0x1082,0x1082,0x1082,0x1082,0x0862,0x3102,0xF422,0xF422,0xF422,0xF422,0xFC22,
  0xFC42,0xC342,0x1082,0x0862,0x0862,0x28E2,0xD3A2,0xDBC2,0xF422,0xFC22,0xF422,0xFC22,
  0xFC22,0xF422,0xF422,0xF422,0xF422,0xF422,0xF422,0xF422,0xFC42,0xDBC2,0x1082,0x1082,
  0x0862,0x4142,0xEC02,0xFC42,0xDBC2,0xC362,0x18A2,0x1082,0x1082,0x1082,0x1082,0x1082,
  0x20C2,0xD382,0xF422,0xF422,0xFC22,0xE3E2,0x18C2,0x0862,0x1082,0x1082,0x1082,0x1082,
  0x1082,0x1082,0x1082,0x1082,0x1082,0x1082,0x1082,0x1082,0x1082,0x1082,0x1082,0x1082,
  0x1082,0x1082,0x1082,0x1082,0x0862,0x18A2,0xDBC2,0xFC42,0xEC02,0x28E2,0x0862,0x1082,
  0x1082,0x1082,0x1082,0x1082,0x1082,0x1082,0x1082,0x1082,0x1082,0x1082,0x1082,0x1082,
  0x1082,0x1082,0x1082,0xDBC2,0xFC62,0xFC42,0xFC42,0xFC42,0xFC42,0x2902,0x0042,0x0862,
  0x1082,0x1082,0x1082,0x1082,0x1082,0x0862,0xD3A2,0xFC62,0xFC42,0xFC42,0xFC42,0xFC42,
  0xFC22,0xF422,0xF422,0xFC42,0xFC42,0xFC42,0xFC42,0xFC42,0xFC62,0x4142,0x0862,0x0862,
  0xCB62,0xFC42,0xFC22,0x3922,0x0042,0x0862,0x0862,0x0862,0x0862,0x0862,0x0862,0x0042,
  0xC342,0xFC42,0xFC42,0x4962,0x0042,0x1082,0x1082,0x1082,0x0862,0xC342,0xFC62,0xFC42,
  0xFC42,0xFC42,0xFC62,0x4962,0x0022,0x0862,0x1062,0x1082,0x1082,0x1082,0x1082,0x1082,
  0x0862,0x0862,0x0022,0xB322,0xFC82,0xFC42,0xFC42,0xFC42,0xFC42,0xFC42,0xFC42,0xFC82,
  0x51A2,0x0022,0x0862,0x0862,0x1082,0x0042,0xAAE2,0xFC42,0xFC42,0x59A2,0x0042,0x1082,
  0x0862,0x0862,0x0022,0xAAE2,0xFC62,0xFC62,0x61E2,0x0042,0x1082,0x1082,0x1082,0x1082,
  0x1082,0x1082,0x1082,0x1082,0x1082,0x1082,0x1082,0x1082,0x1082,0x1082,0x1082,0x1082,
  0x1082,0x1082,0x1082,0x1082,0x1082,0x1082,0x1082,0x1082,0x1082,0x1082,0x1082,0x1082,
  0x1082,0x1082,0x1082,0x1082,0x1082,0x1082,0x1082,0x1082,0x1082,0x1082,0x1082,0x1082,
  0x1082,0x1082,0x1082,0x1082,0x1082,0x0862,0x3102,0xFC22,0xF422,0xF422,0xF422,0xF422,
  0xBB42,0x0862,0x0862,0x3102,0x1082,0x1082,0x0862,0x3102,0xFC22,0xFC22,0xF422,0xF422,
  0xF422,0xF422,0xF422,0xF422,0xF422,0xF422,0xF422,0xF422,0xFC42,0xE3C2,0x3102,0x0862,
  0x4142,0xEC02,0xFC42,0xCB62,0x18A2,0x1082,0x1082,0x1082,0x1082,0x1082,0x1082,0x1082,
  0x0042,0x20C2,0xF402,0xFC22,0xFC22,0xEBE2,0x20C2,0x0862,0x1082,0x1082,0x1082,0x1082,
  0x1082,0x1082,0x1082,0x1082,0x1082,0x1082,0x1082,0x1082,0x1082,0x1082,0x1082,0x1082,
  0x1082,0x1082,0x1082,0x1082,0x0862,0x18A2,0xDBC2,0xFC42,0xEC02,0x28E2,0x0862,0x1082,
  0x1082,0x1082,0x1082,0x1082,0x1082,0x1082,0x1082,0x1082,0x1082,0x1082,0x1082,0x1082,
  0x1082,0x1082,0x1082,0xBB42,0xDBC2,0xDBA2,0xDBA2,0xDBA2,0xDBA2,0x4962,0x28E2,0x3102,
  0x1082,0x1082,0x1082,0x1082,0x1082,0x1062,0xBB22,0xDBC2,0xDBA2,0xDBA2,0xDBA2,0xDBA2,
  0xF402,0xFC22,0xFC22,0xDBC2,0xDBA2,0xDBA2,0xDBA2,0xDBA2,0xDBC2,0x3922,0x0862,0x0862,
  0xCB62,0xFC42,0xFC22,0x59A2,0x20C2,0x3102,0x28E2,0x28E2,0x28E2,0x28E2,0x3102,0x28E2,
  0xCB62,0xFC42,0xFC42,0x4962,0x0042,0x1082,0x1082,0x1082,0x0862,0xA2E2,0xDBC2,0xD3A2,
  0xDBA2,0xD3A2,0xDBC2,0x59A2,0x20C2,0x3102,0x18A2,0x1082,0x1082,0x1082,0x1082,0x1082,
  0x20C2,0x3102,0x20C2,0xA2E2,0xDBE2,0xD3A2,0xDBA2,0xDBA2,0xDBA2,0xDBA2,0xD3A2,0xDBE2,
  0x61C2,0x20C2,0x3102,0x18A2,0x1082,0x0042,0xAAE2,0xFC42,0xFC42,0x59A2,0x0042,0x1082,
  0x20C2,0x3102,0x20C2,0x9AC2,0xDBC2,0xDBC2,0x59A2,0x0042,0x1082,0x1082,0x1082,0x1082,
  0x1082,0x1082,0x1082,0x1082,0x1082,0x1082,0x1082,0x1082,0x1082,0x1082,0x1082,0x1082,
  0x1082,0x1082,0x1082,0x1082,0x1082,0x1082,0x1082,0x1082,0x1082,0x1082,0x1082,0x1082,
  0x1082,0x1082,0x1082,0x1082,0x1082,0x1082,0x1082,0x1082,0x1082,0x1082,0x1082,0x1082,
  0x1082,0x1082,0x1082,0x1082,0x1082,0x0862,0x3102,0xF422,0xF422,0xF422,0xFC42,0xDBC2,
  0x1082,0x20C2,0x5182,0xBB22,0x1082,0x1082,0x0862,0x28E2,0xD3A2,0xFC22,0xF422,0xF422,
  0xF422,0xF422,0xF422,0xF422,0xF422,0xF422,0xF422,0xF422,0xF422,0xFC42,0xDBC2,0x4962,
  0xEBE2,0xFC42,0xE3C2,0x18A2,0x0862,0x1082,0x1082,0x1082,0x1082,0x1082,0x1082,0x1082,
  0x20C2,0x20C2,0xCB62,0xFC42,0xFC42,0xE3E2,0x18A2,0x0862,0x1082,0x1082,0x1082,0x1082,
  0x1082,0x1082,0x1082,0x1082,0x1082,0x1082,0x1082,0x1082,0x1082,0x1082,0x1082,0x1082,
  0x1082,0x1082,0x1082,0x1082,0x0862,0x18A2,0xDBC2,0xFC42,0xEC02,0x28E2,0x0862,0x1082,
  0x1082,0x1082,0x1082,0x1082,0x1082,0x1082,0x1082,0x1082,0x1082,0x1082,0x1082,0x1082,
  0x1082,0x1082,0x1082,0x1082,0x1082,0x1082,0x1082,0x1082,0x1082,0xD382,0xFC22,0xF402,
  0x3102,0x0862,0x1082,0x1082,0x1082,0x1082,0x1082,0x1082,0x1082,0x1082,0x1082,0x1082,
  0xCB82,0xFC42,0xFC22,0x3942,0x0862,0x1082,0x1082,0x1082,0x1082,0x1082,0x1082,0x0862,
  0xCB62,0xFC42,0xF422,0xF402,0xF402,0xF402,0xF402,0xF402,0xF402,0xF402,0xF402,0xF402,
  0xF422,0xF422,0xFC42,0x4962,0x0042,0x1082,0x1082,0x1082,0x1082,0x1082,0x1082,0x1082,
  0x1082,0x18A2,0x0862,0xBB22,0xFC42,0xFC22,0x4982,0x0042,0x1082,0x1082,0x1082,0x0842,
  0xB302,0xFC42,0xFC42,0x5182,0x0862,0x18A2,0x1082,0x1082,0x1082,0x1082,0x18A2,0x0862,
  0xAB02,0xF442,0xFC42,0x59A2,0x0842,0x0862,0xAAE2,0xFC42,0xFC42,0x59C2,0x0862,0x0862,
  0xA2E2,0xFC42,0xF442,0x61C2,0x0862,0x18A2,0x1082,0x1082,0x1082,0x1082,0x1082,0x1082,
  0x1082,0x1082,0x1082,0x1082,0x1082,0x1082,0x1082,0x1082,0x1082,0x1082,0x1082,0x1082,
  0x1082,0x1082,0x1082,0x1082,0x1082,0x1082,0x1082,0x1082,0x1082,0x1082,0x1082,0x1082,
  0x1082,0x1082,0x1082,0x1082,0x1082,0x1082,0x1082,0x1082,0x1082,0x1082,0x1082,0x1082,
  0x1082,0x1082,0x1082,0x1082,0x1082,0x0862,0x3102,0xF422,0xF422,0xF422,0xF422,0xB322,
  0x4962,0xFC22,0xBB42,0x1882,0x1082,0x1082,0x1082,0x1082,0x4962,0xF402,0xFC22,0xF422,
  0xF422,0xF422,0xF422,0xF422,0xF422,0xF422,0xF422,0xF422,0xF422,0xFC22,0xFC22,0xF402,
  0xF422,0xFC42,0xE3C2,0x18A2,0x0862,0x1082,0x1082,0x1082,0x1082,0x1082,0x0862,0x28E2,
  0xDBA2,0x20C2,0x3122,0xCB62,0xDBC2,0xE3E2,0x3122,0x0862,0x1082,0x1082,0x1082,0x1082,
  0x1082,0x1082,0x1082,0x1082,0x1082,0x1082,0x1082,0x1082,0x1082,0x1082,0x1082,0x1082,
  0x1082,0x1082,0x1082,0x1082,0x0862,0x18A2,0xDBC2,0xFC42,0xEC02,0x28E2,0x0862,0x1082,
  0x1082,0x1082,0x1082,0x1082,0x1082,0x1082,0x1082,0x1082,0x1082,0x1082,0x1082,0x1082,
  0x1082,0x1082,0x1082,0x0862,0x0862,0x0862,0x0862,0x0862,0x0862,0xD382,0xFC42,0xF422,
  0x3102,0x0862,0x1082,0x1082,0x1082,0x1082,0x1082,0x1082,0x1082,0x1082,0x1082,0x0862,
  0xCB82,0xFC42,0xFC22,0x3922,0x0042,0x1082,0x1082,0x1082,0x1082,0x1082,0x1082,0x0862,
  0xCB62,0xFC42,0xF422,0xFC42,0xFC42,0xFC42,0xFC42,0xFC42,0xFC42,0xFC42,0xFC42,0xFC42,
  0xFC22,0xF422,0xFC42,0x4962,0x0042,0x1082,0x1082,0x1082,0x1082,0x0862,0x0862,0x0862,
  0x0862,0x0862,0x0042,0xBB22,0xFC42,0xFC42,0x5182,0x0042,0x1082,0x1082,0x1082,0x0042,
  0xB322,0xFC62,0xFC42,0x5182,0x0042,0x1082,0x1082,0x1082,0x1082,0x1082,0x1082,0x0042,
  0xB302,0xFC62,0xFC62,0x59A2,0x0042,0x0862,0xAAE2,0xFC42,0xFC42,0x59A2,0x0042,0x0042,
  0xAAE2,0xFC62,0xFC62,0x61C2,0x0042,0x1082,0x1082,0x1082,0x1082,0x1082,0x1082,0x1082,
  0x1082,0x1082,0x1082,0x1082,0x1082,0x1082,0x1082,0x1082,0x1082,0x1082,0x1082,0x1082,
  0x1082,0x1082,0x1082,0x1082,0x1082,0x1082,0x1082,0x1082,0x1082,0x1082,0x1082,0x1082,
  0x1082,0x1082,0x1082,0x1082,0x1082,0x1082,0x1082,0x1082,0x1082,0x1082,0x1082,0x1082,
  0x1082,0x1082,0x1082,0x1082,0x1082,0x0862,0x2902,0xF422,0xF422,0xFC42,0xD3A2,0x4962,
  0xF422,0xC362,0x10A2,0x0862,0x1082,0x1082,0x0862,0x28E2,0xEC02,0xFC42,0xF422,0xF422,
  0xF422,0xF422,0xF422,0xF422,0xF422,0xF422,0xF422,0xF422,0xF422,0xF422,0xF422,0xFC22,
  0xF422,0xFC42,0xE3E2,0x18A2,0x0862,0x1082,0x1082,0x1082,0x1082,0x1082,0x0862,0x20C2,
  0xBB42,0x3102,0xD382,0x3922,0x3922,0xEC02,0xEBE2,0x3102,0x0862,0x1082,0x1082,0x1082,
  0x1082,0x1082,0x1082,0x1082,0x1082,0x1082,0x1082,0x1082,0x1082,0x1082,0x1082,0x1082,
  0x1082,0x1082,0x1082,0x1082,0x0862,0x18A2,0xDBC2,0xFC42,0xEC02,0x28E2,0x0862,0x1082,
  0x1082,0x1082,0x1082,0x1082,0x1082,0x1082,0x1082,0x1082,0x1082,0x1082,0x1082,0x1082,
  0x1082,0x1082,0x1082,0x28E2,0x28E2,0x28E2,0x28E2,0x28E2,0x28E2,0xD3A2,0xFC42,0xF422,
  0x3102,0x0862,0x1082,0x1082,0x1082,0x1082,0x1082,0x1082,0x1082,0x1082,0x1082,0x0882,
  0xCB82,0xFC42,0xFC22,0x3922,0x0862,0x1082,0x1082,0x1082,0x1082,0x1082,0x1082,0x0862,
  0xCB62,0xFC42,0xF422,0xE3C2,0xDBA2,0xDBC2,0xDBA2,0xDBA2,0xDBA2,0xDBA2,0xDBC2,0xDBA2,
  0xF402,0xF422,0xFC42,0x4962,0x0042,0x1082,0x1082,0x1082,0x1082,0x20C2,0x28E2,0x28E2,
  0x28E2,0x28E2,0x20C2,0xC342,0xFC42,0xFC42,0x4982,0x0042,0x1082,0x1082,0x1082,0x0042,
  0xB322,0xFC42,0xFC42,0x5182,0x0042,0x1082,0x1082,0x1082,0x1082,0x1082,0x1082,0x0042,
  0x9AC2,0xE3E2,0xE3E2,0x5182,0x0862,0x0862,0xAAE2,0xFC42,0xFC42,0x7202,0x20C2,0x20C2,
  0xA2C2,0xE3E2,0xE3E2,0x59A2,0x0042,0x1082,0x1082,0x1082,0x1082,0x1082,0x1082,0x1082,
  0x1082,0x1082,0x1082,0x1082,0x1082,0x1082,0x1082,0x1082,0x1082,0x1082,0x1082,0x1082,
  0x1082,0x1082,0x1082,0x1082,0x1082,0x1082,0x1082,0x1082,0x1082,0x1082,0x1082,0x1082,
  0x1082,0x1082,0x1082,0x1082,0x1082,0x1082,0x1082,0x1082,0x1082,0x1082,0x1082,0x1082,
  0x1082,0x1082,0x1082,0x1082,0x1082,0x0862,0x4962,0xF422,0xF422,0xF422,0xF422,0xF422,
  0xDBA2,0x18A2,0x0862,0x1082,0x1082,0x1082,0x0862,0x3102,0xF402,0xE3C2,0xF422,0xFC22,
  0xF422,0xF422,0xF422,0xF422,0xF422,0xF422,0xF422,0xF422,0xF422,0xF422,0xF422,0xF422,
  0xF422,0xFC22,0xCB82,0x18A2,0x0862,0x1082,0x1082,0x1082,0x1082,0x1082,0x1082,0x1082,
  0x1082,0x18A2,0xEBE2,0xF422,0xF402,0xF422,0xFC22,0xE3E2,0x3102,0x1082,0x1082,0x1082,
  0x1082,0x1082,0x1082,0x1082,0x1082,0x1082,0x1082,0x1082,0x1082,0x1082,0x1082,0x1082,
  0x1082,0x1082,0x1082,0x1082,0x0862,0x18A2,0xDBC2,0xFC42,0xEC02,0x28E2,0x0862,0x1082,
  0x1082,0x1082,0x1082,0x1082,0x1082,0x1082,0x1082,0x1082,0x1082,0x1082,0x1082,0x1082,
  0x1082,0x1082,0x1082,0xD382,0xF422,0xEC02,0xF402,0xF402,0xF402,0xF422,0xF422,0xF422,
  0x3102,0x0862,0x1082,0x1082,0x1082,0x1082,0x1082,0x1082,0x1082,0x1082,0x1082,0x0862,
  0xCB82,0xFC42,0xFC22,0x3922,0x0862,0x1082,0x1082,0x1082,0x1082,0x1082,0x1082,0x0862,
  0xCB62,0xFC42,0xFC22,0x4142,0x0862,0x18A2,0x1082,0x1082,0x1082,0x1082,0x18A2,0x1082,
  0xC342,0xFC42,0xFC42,0x4962,0x0042,0x1082,0x1082,0x1082,0x0862,0xBB22,0xF422,0xEC02,
  0xF402,0xF402,0xF402,0xF422,0xF422,0xFC42,0x4982,0x0042,0x1082,0x1082,0x1082,0x0042,
  0xB322,0xFC42,0xFC42,0x5182,0x0042,0x1082,0x1082,0x1082,0x1082,0x1082,0x1082,0x1082,
  0x1082,0x18A2,0x18A2,0x1082,0x1082,0x0042,0xAAE2,0xFC62,0xF422,0xF402,0xEC02,0xF442,
  0x61C2,0x0862,0x18A2,0x1082,0x1082,0x1082,0x1082,0x1082,0x1082,0x1082,0x1082,0x1082,
  0x1082,0x1082,0x1082,0x1082,0x1082,0x1082,0x1082,0x1082,0x1082,0x1082,0x1082,0x1082,
  0x1082,0x1082,0x1082,0x1082,0x1082,0x1082,0x1082,0x1082,0x1082,0x1082,0x1082,0x1082,
  0x1082,0x1082,0x1082,0x1082,0x1082,0x1082,0x1082,0x1082,0x1082,0x1082,0x1082,0x1082,
  0x1082,0x1082,0x1082,0x1082,0x0862,0x4962,0xF402,0xF422,0xF422,0xF422,0xF422,0xFC42,
  0xD3A2,0x0862,0x1082,0x1082,0x1082,0x1082,0x0862,0x3102,0xD382,0x3922,0xF402,0xFC22,
  0xF422,0xF422,0xF422,0xF422,0xF422,0xF422,0xF422,0xF422,0xF422,0xF422,0xF422,0xF422,
  0xFC42,0xE3C2,0x18A2,0x0862,0x1082,0x0862,0x0862,0x1082,0x1082,0x1082,0x0862,0x0862,
  0x0862,0x3122,0xEC02,0xFC42,0xFC22,0xF422,0xF422,0xFC42,0xE3C2,0x18A2,0x0862,0x1082,
  0x1082,0x1082,0x1082,0x1082,0x1082,0x1082,0x1082,0x1082,0x1082,0x1082,0x1082,0x1082,
  0x1082,0x1082,0x1082,0x1082,0x0862,0x18A2,0xDBC2,0xFC42,0xEC02,0x28E2,0x0862,0x1082,
  0x1082,0x1082,0x1082,0x1082,0x1082,0x1082,0x0862,0x0862,0x0862,0x1082,0x1082,0x1082,
  0x0862,0x0862,0x0862,0xDBC2,0xFC62,0xFC42,0xFC42,0xFC42,0xFC42,0xFC22,0xF422,0xF422,
  0x3102,0x0862,0x1082,0x1082,0x1082,0x1082,0x1082,0x1082,0x1082,0x1082,0x1082,0x0862,
  0xCB82,0xFC42,0xFC22,0x3922,0x0862,0x1082,0x0862,0x0862,0x0862,0x1082,0x1082,0x0862,
  0xCB62,0xFC42,0xFC22,0x4142,0x0042,0x1082,0x1062,0x1062,0x1062,0x1062,0x1082,0x0862,
  0xC342,0xFC42,0xFC42,0x4962,0x0042,0x1082,0x0862,0x0862,0x0042,0xC342,0xFC62,0xFC42,
  0xFC42,0xFC42,0xFC42,0xFC22,0xF422,0xFC42,0x4982,0x0042,0x1082,0x1082,0x1082,0x0042,
  0xB322,0xFC42,0xFC42,0x5182,0x0042,0x1082,0x1082,0x1082,0x1082,0x1082,0x1082,0x1082,
  0x0862,0x0862,0x0862,0x0862,0x1082,0x0042,0xAAE2,0xFC62,0xF422,0xFC42,0xFC42,0xFC82,
  0x59A2,0x0022,0x0862,0x0862,0x1082,0x1082,0x1082,0x1082,0x1082,0x1082,0x1082,0x1082,
  0x1082,0x1082,0x1082,0x1082,0x1082,0x1082,0x1082,0x1082,0x1082,0x1082,0x1082,0x1082,
  0x1082,0x1082,0x1082,0x1082,0x1082,0x1082,0x1082,0x1082,0x1082,0x1082,0x1082,0x1082,
  0x1082,0x1082,0x1082,0x1082,0x1082,0x1082,0x1082,0x1082,0x1082,0x1082,0x1082,0x1082,
  0x1082,0x1082,0x1082,0x0862,0x3102,0xF402,0xFC22,0xF422,0xF422,0xF422,0xF422,0xFC42,
  0xDBA2,0x20C2,0x0862,0x0862,0x0862,0x0862,0x0862,0x4962,0xCB82,0x28E2,0xF402,0xFC22,
  0xF422,0xF422,0xF422,0xF422,0xF422,0xF422,0xF422,0xF422,0xF422,0xF422,0xF422,0xF422,
  0xFC42,0xEBE2,0x3102,0x20C2,0x1082,0x28E2,0x20C2,0x0862,0x0862,0x0862,0x28E2,0x20C2,
  0x3922,0xE3E2,0xFC22,0xF422,0xF422,0xFC42,0xF422,0xFC22,0xEC02,0x3102,0x1082,0x1082,
  0x1082,0x1082,0x1082,0x1082,0x1082,0x1082,0x1082,0x1082,0x1082,0x1082,0x1082,0x1082,
  0x1082,0x1082,0x1082,0x1082,0x0862,0x18A2,0xDBC2,0xFC42,0xEC02,0x28E2,0x0862,0x1082,
  0x1082,0x1082,0x1082,0x1082,0x1082,0x1082,0x20C2,0x28E2,0x28E2,0x1082,0x1082,0x1082,
  0x20C2,0x28E2,0x28E2,0xC362,0xE3E2,0xDBC2,0xDBC2,0xDBC2,0xDBC2,0xF402,0xFC22,0xF422,
  0x3102,0x0862,0x1082,0x1082,0x1082,0x1082,0x1082,0x1082,0x1082,0x1082,0x1082,0x0862,
  0xCB82,0xFC42,0xFC22,0x3922,0x0862,0x1082,0x20C2,0x28E2,0x28E2,0x1082,0x1082,0x0862,
  0xCB62,0xFC42,0xFC22,0x4142,0x0862,0x1082,0x1082,0x1082,0x1082,0x1082,0x1082,0x0862,
  0xC342,0xFC42,0xFC42,0x4962,0x0042,0x1082,0x20C2,0x28E2,0x20C2,0xB302,0xE3E2,0xDBC2,
  0xDBC2,0xDBC2,0xDBC2,0xF402,0xF422,0xFC42,0x4982,0x0042,0x1082,0x1082,0x1082,0x0042,
  0xB322,0xFC42,0xFC42,0x5182,0x0042,0x1082,0x1082,0x1082,0x1082,0x1082,0x1082,0x1082,
  0x20C2,0x28E2,0x28E2,0x18A2,0x1082,0x0042,0xAAE2,0xFC62,0xF422,0xE3E2,0xDBC2,0xE402,
  0x61E2,0x18C2,0x28E2,0x18A2,0x1082,0x1082,0x1082,0x1082,0x1082,0x1082,0x1082,0x1082,
  0x1082,0x1082,0x1082,0x1082,0x1082,0x1082,0x1082,0x1082,0x1082,0x1082,0x1082,0x1082,
  0x1082,0x1082,0x1082,0x1082,0x1082,0x1082,0x1082,0x1082,0x1082,0x1082,0x1082,0x1082,
  0x1082,0x1082,0x1082,0x1082,0x1082,0x1082,0x1082,0x1082,0x1082,0x1082,0x1082,0x1082,
  0x1082,0x1082,0x1082,0x0862,0x3102,0xFC22,0xF422,0xF422,0xF422,0xF422,0xF422,0xF422,
  0xFC42,0xD382,0x28E2,0x20E2,0x28E2,0x20C2,0x4142,0xF422,0xDBA2,0x4142,0xF402,0xFC22,
  0xF422,0xF422,0xF422,0xF422,0xF422,0xF422,0xF422,0xF422,0xF422,0xF422,0xF422,0xFC22,
  0xF422,0xE3C2,0xF422,0xDBA2,0x4142,0xEBE2,0xE3C2,0x3102,0x20C2,0x3922,0xE3E2,0xF402,
  0xF402,0xFC22,0xFC22,0xFC22,0xF402,0xDBC2,0xF422,0xF422,0xFC22,0xE3C2,0x18A2,0x0862,
  0x1082,0x1082,0x1082,0x1082,0x1082,0x1082,0x1082,0x1082,0x1082,0x1082,0x1082,0x1082,
  0x1082,0x1082,0x1082,0x1082,0x0862,0x18A2,0xDBC2,0xFC42,0xEC02,0x28E2,0x0862,0x1082,
  0x1082,0x1082,0x1082,0x1082,0x1082,0x1082,0xD382,0xF422,0xEBE2,0x28E2,0x0862,0x1082,
  0xD382,0xF422,0xEBE2,0x3922,0x1082,0x18A2,0x18A2,0x18A2,0x18A2,0xD3A2,0xFC42,0xF422,
  0x3122,0x0862,0x1082,0x1082,0x1082,0x1082,0x1082,0x1082,0x1082,0x1082,0x1082,0x0862,
  0xCB82,0xFC42,0xF422,0x3922,0x0862,0x1082,0xC342,0xF422,0xF402,0x3922,0x0862,0x0862,
  0xCB62,0xFC42,0xFC22,0x4142,0x0862,0x1082,0x1082,0x1082,0x1082,0x1082,0x1082,0x0862,
  0xC342,0xFC42,0xFC42,0x4962,0x0862,0x0862,0xBB22,0xF422,0xF422,0x4982,0x1082,0x18A2,
  0x18A2,0x18A2,0x1082,0xBB22,0xFC42,0xFC42,0x5182,0x0862,0x1082,0x1082,0x1082,0x0042,
  0xB322,0xFC42,0xFC42,0x5182,0x0042,0x1082,0x1082,0x1082,0x1082,0x1082,0x1082,0x0842,
  0xAAE2,0xF422,0xF422,0x59A2,0x0862,0x0862,0xAAE2,0xFC42,0xFC42,0x61C2,0x0862,0x0882,
  0xA2E2,0xF422,0xF422,0x59C2,0x0042,0x1082,0x1082,0x1082,0x1082,0x1082,0x1082,0x1082,
  0x1082,0x1082,0x1082,0x1082,0x1082,0x1082,0x1082,0x1082,0x1082,0x1082,0x1082,0x1082,
  0x1082,0x1082,0x1082,0x1082,0x1082,0x1082,0x1082,0x1082,0x1082,0x1082,0x1082,0x1082,
  0x1082,0x1082,0x1082,0x1082,0x1082,0x1082,0x1082,0x1082,0x1082,0x1082,0x1082,0x1082,
  0x1082,0x1082,0x1082,0x0862,0x4162,0xF422,0xF422,0xF422,0xF422,0xF422,0xF422,0xF422,
  0xFC22,0xFC22,0xEC02,0xEC02,0xEC02,0xEC02,0xF402,0xFC22,0xF422,0xF402,0xF422,0xF422,
  0xF422,0xF422,0xF422,0xF422,0xF422,0xF422,0xF422,0xF422,0xF422,0xF422,0xF422,0xFC42,
  0xDBA2,0x3102,0xEC02,0xFC42,0xEC02,0xFC22,0xFC22,0xEC02,0xEC02,0xF402,0xFC22,0xFC22,
  0xFC22,0xF422,0xF422,0xFC42,0xEBE2,0x4962,0xE3E2,0xFC22,0xFC22,0xEC02,0x3922,0x0862,
  0x1082,0x1082,0x1082,0x1082,0x1082,0x1082,0x1082,0x1082,0x1082,0x1082,0x1082,0x1082,
  0x1082,0x1082,0x1082,0x1082,0x0862,0x18A2,0xE3E2,0xFC62,0xF422,0x20C2,0x0042,0x0862,
  0x0862,0x0862,0x0862,0x0862,0x0862,0x1082,0xE3C2,0xFC62,0xFC22,0x3102,0x0862,0x1082,
  0xDBC2,0xFC62,0xFC22,0x28E2,0x0042,0x0862,0x0862,0x0862,0x0862,0xD382,0xFC42,0xF422,
  0x3102,0x0042,0x0862,0x1082,0x1082,0x1082,0x1082,0x1082,0x1082,0x1082,0x1082,0x0862,
  0xD382,0xFC62,0xFC42,0x3922,0x0042,0x0862,0xCB82,0xFC62,0xFC42,0x4142,0x0862,0x0862,
  0xCB62,0xFC42,0xFC22,0x4142,0x0862,0x1082,0x1082,0x1082,0x1082,0x1082,0x1082,0x0862,
  0xC342,0xFC42,0xFC42,0x4962,0x0862,0x0862,0xC362,0xFC62,0xFC62,0x4162,0x0022,0x0862,
  0x0862,0x0862,0x0042,0xBB22,0xFC42,0xFC42,0x4962,0x0042,0x0862,0x1062,0x1082,0x0042,
  0xBB22,0xFC62,0xFC62,0x5182,0x0042,0x0882,0x0862,0x0862,0x0862,0x0862,0x0862,0x0022,
  0xB302,0xFC62,0xFC62,0x59A2,0x0042,0x0862,0xAAE2,0xFC42,0xFC42,0x59A2,0x0042,0x0042,
  0xAAE2,0xFC62,0xFC62,0x61C2,0x0022,0x0862,0x1062,0x1082,0x1082,0x1082,0x1082,0x1082,
  0x1082,0x1082,0x1082,0x1082,0x1082,0x1082,0x1082,0x1082,0x1082,0x1082,0x1082,0x1082,
  0x1082,0x1082,0x1082,0x1082,0x1082,0x1082,0x1082,0x1082,0x1082,0x1082,0x1082,0x1082,
  0x1082,0x1082,0x1082,0x1082,0x1082,0x1082,0x1082,0x1082,0x1082,0x1082,0x1082,0x1082,
  0x1082,0x1082,0x0862,0x2902,0xF402,0xF422,0xF422,0xF422,0xF422,0xF422,0xF422,0xF422,
  0xF422,0xF422,0xFC22,0xFC22,0xFC22,0xFC22,0xFC22,0xF422,0xFC22,0xFC22,0xF422,0xF422,
  0xF422,0xF422,0xF422,0xF422,0xF422,0xF422,0xF422,0xF422,0xF422,0xF422,0xF422,0xFC42,
  0xDBC2,0x4142,0xEBE2,0xFC22,0xFC22,0xF422,0xF422,0xFC22,0xFC22,0xFC22,0xF422,0xF422,
  0xF422,0xF422,0xFC22,0xFC22,0xE3E2,0xF402,0xFC22,0xF422,0xF422,0xFC22,0xCB82,0x18A2,
  0x0862,0x1082,0x1082,0x1082,0x1082,0x1082,0x1082,0x1082,0x1082,0x1082,0x1082,0x1082,
  0x1082,0x1082,0x1082,0x1082,0x0862,0x18A2,0xCB82,0xE3E2,0xDBA2,0x3922,0x20C2,0x20E2,
  0x20C2,0x20C2,0x20C2,0x20E2,0x20C2,0x28E2,0xCB62,0xE3E2,0xDBC2,0x28E2,0x0862,0x1082,
  0xC362,0xE3E2,0xDBC2,0x4142,0x20C2,0x28E2,0x20C2,0x20C2,0x20C2,0xD3A2,0xFC42,0xF422,
  0x4162,0x18C2,0x20E2,0x1082,0x1082,0x1082,0x1082,0x1082,0x1082,0x1082,0x1082,0x0862,
  0xBB42,0xE3E2,0xE3C2,0x4962,0x20C2,0x20C2,0xBB42,0xE3E2,0xE3E2,0x3922,0x0862,0x0862,
  0xCB62,0xFC42,0xFC22,0x4142,0x0862,0x1082,0x1082,0x1082,0x1082,0x1082,0x1082,0x0862,
  0xC342,0xFC42,0xFC42,0x4962,0x0862,0x0862,0xAB02,0xE3E2,0xE3E2,0x51A2,0x18A2,0x28E2,
  0x20C2,0x28E2,0x18A2,0xC342,0xFC42,0xFC42,0x59C2,0x18A2,0x28E2,0x1082,0x1082,0x0842,
  0xA2E2,0xE402,0xE3E2,0x59A2,0x18A2,0x28E2,0x20C2,0x20C2,0x20C2,0x20C2,0x28E2,0x18A2,
  0xA2E2,0xE402,0xE402,0x5182,0x0862,0x0862,0xAAE2,0xFC42,0xFC42,0x59A2,0x0862,0x0862,
  0x9AA2,0xE402,0xE402,0x61E2,0x18A2,0x28E2,0x18A2,0x1082,0x1082,0x1082,0x1082,0x1082,
  0x1082,0x1082,0x1082,0x1082,0x1082,0x1082,0x1082,0x1082,0x1082,0x1082,0x1082,0x1082,
  0x1082,0x1082,0x1082,0x1082,0x1082,0x1082,0x1082,0x1082,0x1082,0x1082,0x1082,0x1082,
  0x1082,0x1082,0x1082,0x1082,0x1082,0x1082,0x1082,0x1082,0x1082,0x1082,0x1082,0x1082,
  0x1082,0x1082,0x0862,0x4162,0xFC22,0xF422,0xF422,0xF422,0xF422,0xF422,0xF422,0xF422,
  0xF422,0xF422,0xF422,0xF422,0xF422,0xF422,0xF422,0xF422,0xF422,0xF422,0xF422,0xF422,
  0xF422,0xF422,0xF422,0xF422,0xF422,0xF422,0xF422,0xF422,0xF422,0xF422,0xFC22,0xFC22,
  0xF422,0xEC02,0xF422,0xF422,0xF422,0xF422,0xF422,0xF422,0xF422,0xF422,0xF422,0xFC22,
  0xFC42,0xF422,0xFC22,0xCB82,0x28E2,0xD382,0xEBE2,0xFC22,0xFC42,0xEBE2,0x20E2,0x0862,
  0x1082,0x1082,0x1082,0x1082,0x1082,0x1082,0x1082,0x1082,0x1082,0x1082,0x1082,0x1082,
  0x1082,0x1082,0x1082,0x1082,0x1082,0x1082,0x18A2,0x18A2,0x20C2,0xD3A2,0xF402,0xEBE2,
  0xEC02,0xEC02,0xEC02,0xEC02,0xEC02,0xEBE2,0x3102,0x1082,0x18A2,0x1082,0x1082,0x1082,
  0x18A2,0x18A2,0x18A2,0xCB82,0xF402,0xEBE2,0xEC02,0xEC02,0xEC02,0xF422,0xF422,0xF422,
  0xEC02,0xEBE2,0xEC02,0x3102,0x0862,0x1082,0x1082,0x1082,0x1082,0x1082,0x1082,0x1082,
  0x18A2,0x18A2,0x18A2,0xC362,0xF422,0xEC02,0x4142,0x1082,0x18A2,0x1082,0x1082,0x0862,
  0xC362,0xFC42,0xFC22,0x4142,0x0862,0x1082,0x1082,0x1082,0x1082,0x1082,0x1082,0x0862,
  0xC342,0xFC42,0xFC42,0x4162,0x0042,0x1082,0x18A2,0x18A2,0x1082,0xBB22,0xF422,0xEBE2,
  0xEC02,0xEC02,0xEBE2,0xF402,0xF422,0xF422,0xEC02,0xEBE2,0xF422,0x4982,0x0062,0x1082,
  0x18A2,0x18A2,0x1082,0xAB02,0xF422,0xEBE2,0xEC02,0xEC02,0xEC02,0xEC02,0xEBE2,0xF422,
  0x59A2,0x1082,0x18A2,0x1082,0x1082,0x0042,0xAAE2,0xFC42,0xFC42,0x59A2,0x0042,0x1082,
  0x18A2,0x18A2,0x1082,0xA2C2,0xF422,0xF422,0x59C2,0x0042,0x1082,0x1082,0x1082,0x1082,
  0x1082,0x1082,0x1082,0x1082,0x1082,0x1082,0x1082,0x1082,0x1082,0x1082,0x1082,0x1082,
  0x1082,0x1082,0x1082,0x1082,0x1082,0x1082,0x1082,0x1082,0x1082,0x1082,0x1082,0x1082,
  0x1082,0x1082,0x1082,0x1082,0x1082,0x1082,0x1082,0x1082,0x1082,0x1082,0x1082,0x1082,
  0x1082,0x0862,0x2902,0xEC02,0xF422,0xF422,0xF422,0xF422,0xF422,0xF422,0xF422,0xF422,
  0xF422,0xF422,0xF422,0xF422,0xF422,0xF422,0xF422,0xF422,0xF422,0xF422,0xF422,0xF422,
  0xF422,0xF422,0xF422,0xF422,0xF422,0xF422,0xF422,0xF422,0xF422,0xF422,0xF402,0xE3E2,
  0xFC22,0xFC22,0xFC42,0xFC22,0xF422,0xF422,0xF422,0xF422,0xF422,0xF422,0xFC22,0xF422,
  0xE3C2,0xFC42,0xEC02,0x3922,0x20C2,0x28E2,0x20C2,0xD382,0xFC42,0xEBE2,0x28E2,0x0862,
  0x1082,0x1082,0x1082,0x1082,0x1082,0x1082,0x1082,0x1082,0x1082,0x1082,0x1082,0x1082,
  0x1082,0x1082,0x1082,0x1082,0x1082,0x1082,0x0882,0x0862,0x1082,0xE3E2,0xFC62,0xFC42,
  0xFC42,0xFC42,0xFC42,0xFC42,0xFC42,0xFC22,0x28E2,0x0862,0x1082,0x1082,0x1082,0x1082,
  0x0862,0x0862,0x1082,0xDBC2,0xFC62,0xFC42,0xFC42,0xFC42,0xFC42,0xFC42,0xFC42,0xFC42,
  0xFC42,0xFC42,0xFC42,0x3922,0x0862,0x1082,0x1082,0x1082,0x1082,0x1082,0x1082,0x1082,
  0x0862,0x0862,0x0862,0xD382,0xFC62,0xFC42,0x3922,0x0042,0x1082,0x1082,0x1082,0x0862,
  0xCB62,0xFC62,0xFC42,0x4142,0x0862,0x1082,0x1082,0x1082,0x1082,0x1082,0x1082,0x0862,
  0xC362,0xFC62,0xFC42,0x4962,0x0042,0x1082,0x0862,0x1082,0x0042,0xC342,0xFC62,0xFC42,
  0xFC42,0xFC42,0xFC42,0xFC42,0xFC42,0xFC42,0xFC42,0xFC42,0xFC62,0x5182,0x0042,0x1082,
  0x0862,0x1082,0x0042,0xBB22,0xFC82,0xFC42,0xFC42,0xFC42,0xFC42,0xFC42,0xFC42,0xFC82,
  0x59A2,0x0042,0x1082,0x1082,0x1082,0x0042,0xAB02,0xFC62,0xFC62,0x61C2,0x0042,0x1082,
  0x1062,0x1082,0x0042,0xAAE2,0xFC62,0xFC62,0x61E2,0x0042,0x1082,0x1082,0x1082,0x1082,
  0x1082,0x1082,0x1082,0x1082,0x1082,0x1082,0x1082,0x1082,0x1082,0x1082,0x1082,0x1082,
  0x1082,0x1082,0x1082,0x1082,0x1082,0x1082,0x1082,0x1082,0x1082,0x1082,0x1082,0x1082,
  0x1082,0x1082,0x1082,0x1082,0x1082,0x1082,0x1082,0x1082,0x1082,0x1082,0x1082,0x1082,
  0x1082,0x0862,0x4142,0xFC22,0xF422,0xF422,0xF422,0xF422,0xF422,0xF422,0xF422,0xFC22,
  0xFC22,0xFC42,0xF422,0xF422,0xF422,0xF422,0xF422,0xF422,0xF422,0xF422,0xF422,0xF422,
  0xF422,0xF422,0xF422,0xF422,0xF422,0xFC22,0xFC22,0xFC22,0xFC22,0xFC42,0xE3C2,0x3122,
  0xDBC2,0xFC22,0xE3C2,0xF422,0xFC22,0xF422,0xF422,0xF422,0xF422,0xF422,0xFC42,0xE3E2,
  0x4162,0xDBA2,0xEBE2,0xD3A2,0xDBC2,0xDBA2,0x28E2,0x3922,0xEBE2,0xFC42,0xE3E2,0x18A2,
  0x0862,0x1082,0x1082,0x1082,0x1082,0x1082,0x1082,0x1082,0x1082,0x1082,0x1082,0x1082,
  0x1082,0x1082,0x1082,0x1082,0x1082,0x1082,0x1082,0x1082,0x18A2,0xCB82,0xEBE2,0xE3C2,
  0xE3E2,0xE3E2,0xE3E2,0xE3E2,0xE3E2,0xE3C2,0x28E2,0x0862,0x1082,0x1082,0x1082,0x1082,
  0x1082,0x1082,0x1082,0xC362,0xEBE2,0xE3C2,0xE3E2,0xE3E2,0xE3E2,0xE3E2,0xE3E2,0xE3E2,
  0xE3E2,0xE3E2,0xE3E2,0x3102,0x0862,0x1082,0x1082,0x1082,0x1082,0x1082,0x1082,0x1082,
  0x1082,0x1082,0x0862,0xBB22,0xEC02,0xE3E2,0x3922,0x0862,0x1082,0x1082,0x1082,0x0862,
  0xBB22,0xEC02,0xEBE2,0x3922,0x0862,0x1082,0x1082,0x1082,0x1082,0x1082,0x1082,0x0862,
  0xB302,0xEC02,0xEBE2,0x4142,0x0042,0x1082,0x1082,0x1082,0x0862,0xAB02,0xEC02,0xE3C2,
  0xE3E2,0xE3E2,0xE3E2,0xE3E2,0xE3E2,0xE3E2,0xE3E2,0xE3C2,0xEC02,0x4962,0x0042,0x1082,
  0x1082,0x1082,0x0062,0xA2E2,0xEC02,0xE3C2,0xE3E2,0xE3E2,0xE3E2,0xE3E2,0xE3C2,0xEC02,
  0x5182,0x0042,0x1082,0x1082,0x1082,0x0042,0x9AC2,0xEC02,0xEC02,0x59A2,0x0042,0x1082,
  0x1082,0x1082,0x0042,0x9AA2,0xEC02,0xEC02,0x59A2,0x0042,0x1082,0x1082,0x1082,0x1082,
  0x1082,0x1082,0x1082,0x1082,0x1082,0x1082,0x1082,0x1082,0x1082,0x1082,0x1082,0x1082,
  0x1082,0x1082,0x1082,0x1082,0x1082,0x1082,0x1082,0x1082,0x1082,0x1082,0x1082,0x1082,
  0x1082,0x1082,0x1082,0x1082,0x1082,0x1082,0x1082,0x1082,0x1082,0x1082,0x1082,0x1082,
  0x0862,0x3102,0xEC02,0xF422,0xF422,0xF422,0xF422,0xF422,0xFC22,0xFC42,0xFC22,0xE3E2,
  0xF402,0xE3E2,0xF422,0xFC22,0xF422,0xF422,0xF422,0xF422,0xF422,0xF422,0xFC22,0xFC22,
  0xF422,0xFC22,0xFC22,0xFC22,0xFC22,0xE3E2,0xE3E2,0xE3E2,0xE3E2,0xEBE2,0xD382,0x1082,
  0x3102,0xCB62,0x4962,0xEC02,0xFC22,0xF422,0xF422,0xF422,0xF422,0xF422,0xF422,0xFC22,
  0xDBC2,0x28E2,0x18A2,0x18A2,0x3102,0xF402,0xF422,0xEBE2,0xFC22,0xFC22,0xDBA2,0x28E2,
  0x0862,0x1082,0x1082,0x1082,0x1082,0x1082,0x1082,0x1082,0x1082,0x1082,0x1082,0x1082,
  0x1082,0x1082,0x1082,0x1082,0x1082,0x1082,0x1082,0x1082,0x1082,0x18A2,0x18A2,0x18A2,
  0x18A2,0x18A2,0x18A2,0x18A2,0x18A2,0x18A2,0x1082,0x1082,0x1082,0x1082,0x1082,0x1082,
  0x1082,0x1082,0x1082,0x18A2,0x18A2,0x18A2,0x18A2,0x18A2,0x18A2,0x18A2,0x18A2,0x18A2,
  0x18A2,0x18A2,0x18A2,0x1082,0x1082,0x1082,0x1082,0x1082,0x1082,0x1082,0x1082,0x1082,
  0x1082,0x1082,0x1082,0x18A2,0x18A2,0x18A2,0x1082,0x1082,0x1082,0x1082,0x1082,0x1082,
  0x18A2,0x18A2,0x18A2,0x1082,0x1082,0x1082,0x1082,0x1082,0x1082,0x1082,0x1082,0x1082,
  0x18A2,0x18A2,0x18A2,0x1082,0x1082,0x1082,0x1082,0x1082,0x1082,0x18A2,0x18A2,0x18A2,
  0x18A2,0x18A2,0x18A2,0x18A2,0x18A2,0x18A2,0x18A2,0x18A2,0x18A2,0x1082,0x1082,0x1082,
  0x1082,0x1082,0x1082,0x18A2,0x18A2,0x18A2,0x18A2,0x18A2,0x18A2,0x18A2,0x18A2,0x18A2,
  0x1082,0x1082,0x1082,0x1082,0x1082,0x1082,0x18A2,0x18A2,0x18A2,0x1082,0x1082,0x1082,
  0x1082,0x1082,0x1082,0x18A2,0x18A2,0x18A2,0x1082,0x1082,0x1082,0x1082,0x1082,0x1082,
  0x1082,0x1082,0x1082,0x1082,0x1082,0x1082,0x1082,0x1082,0x1082,0x1082,0x1082,0x1082,
  0x1082,0x1082,0x1082,0x1082,0x1082,0x1082,0x1082,0x1082,0x1082,0x1082,0x1082,0x1082,
  0x1082,0x1082,0x1082,0x1082,0x1082,0x1082,0x1082,0x1082,0x1082,0x1082,0x1082,0x1082,
  0x0862,0x3122,0xFC22,0xF422,0xF422,0xFC22,0xFC42,0xFC42,0xF402,0xE3E2,0xC342,0x5182,
  0xD382,0x4962,0xF402,0xFC22,0xF422,0xF422,0xF422,0xF422,0xF422,0xFC22,0xF422,0xE3E2,
  0xFC22,0xE3E2,0xEBE2,0xFC42,0xCB82,0x20C2,0x18A2,0x18C2,0x18A2,0x18A2,0x18A2,0x1082,
  0x0862,0x28E2,0xE3C2,0xFC22,0xF422,0xF422,0xF422,0xF422,0xF422,0xF422,0xF422,0xFC42,
  0xD3A2,0x1082,0x0862,0x10A2,0x18A2,0xD382,0xEC02,0xFC22,0xEC02,0xEBE2,0x4962,0xCB62,
  0x20C2,0x0862,0x1082,0x1082,0x1082,0x1082,0x1082,0x1082,0x1082,0x1082,0x1082,0x1082,
  0x1082,0x1082,0x1082,0x1082,0x1082,0x1082,0x1082,0x1082,0x1082,0x0862,0x0862,0x0862,
  0x0862,0x0862,0x0862,0x0862,0x0862,0x0862,0x1082,0x1082,0x1082,0x1082,0x1082,0x1082,
  0x1082,0x1082,0x1082,0x0862,0x0862,0x0862,0x0862,0x0862,0x0862,0x0862,0x0862,0x0862,
  0x0862,0x0862,0x0862,0x1082,0x1082,0x1082,0x1082,0x1082,0x1082,0x1082,0x1082,0x1082,
  0x1082,0x1082,0x1082,0x0862,0x0862,0x0862,0x1082,0x1082,0x1082,0x1082,0x1082,0x1082,
  0x0862,0x0862,0x0862,0x1082,0x1082,0x1082,0x1082,0x1082,0x1082,0x1082,0x1082,0x1082,
  0x0862,0x0862,0x0862,0x1082,0x1082,0x1082,0x1082,0x1082,0x1082,0x0862,0x0862,0x0862,
  0x0862,0x0862,0x0862,0x0862,0x0862,0x0862,0x0862,0x0862,0x0862,0x1082,0x1082,0x1082,
  0x1082,0x1082,0x1082,0x0862,0x0862,0x0862,0x0862,0x0862,0x0862,0x0862,0x0862,0x0862,
  0x1082,0x1082,0x1082,0x1082,0x1082,0x1082,0x0862,0x0862,0x0862,0x1082,0x1082,0x1082,
  0x1082,0x1082,0x1082,0x0862,0x0862,0x0862,0x1082,0x1082,0x1082,0x1082,0x1082,0x1082,
  0x1082,0x1082,0x1082,0x1082,0x1082,0x1082,0x1082,0x1082,0x1082,0x1082,0x1082,0x1082,
  0x1082,0x1082,0x1082,0x1082,0x1082,0x1082,0x1082,0x1082,0x1082,0x1082,0x1082,0x1082,
  0x1082,0x1082,0x1082,0x1082,0x1082,0x1082,0x1082,0x1082,0x1082,0x1082,0x1082,0x1082,
  0x0862,0x3102,0xFC22,0xF422,0xF422,0xF422,0xE3C2,0xEC02,0xDBA2,0x28E2,0x4962,0xEBE2,
  0xF422,0xEBE2,0xF422,0xF422,0xF422,0xF422,0xF422,0xF422,0xF422,0xFC42,0xDBA2,0x4962,
  0xCB62,0x18C2,0x3922,0xCB82,0x3102,0x0862,0x0862,0x0862,0x0862,0x0862,0x0862,0x1082,
  0x0862,0x3102,0xF402,0xFC22,0xF422,0xF422,0xF422,0xF422,0xF422,0xF422,0xFC42,0xD3A2,
  0x3922,0x18A2,0x20C2,0xD382,0x3122,0x28E2,0x3102,0xC362,0x3922,0xD382,0xEC02,0xEC02,
  0x20C2,0x0862,0x1082,0x1082,0x1082,0x1082,0x1082,0x1082,0x1082,0x1082,0x1082,0x1082,
  0x1082,0x1082,0x1082,0x1082,0x1082,0x1082,0x1082,0x1082,0x1082,0x1082,0x1082,0x1082,
  0x1082,0x1082,0x1082,0x1082,0x1082,0x1082,0x1082,0x1082,0x1082,0x1082,0x1082,0x1082,
  0x1082,0x1082,0x1082,0x1082,0x1082,0x1082,0x1082,0x1082,0x1082,0x1082,0x1082,0x1082,
  0x1082,0x1082,0x1082,0x1082,0x1082,0x1082,0x1082,0x1082,0x1082,0x1082,0x1082,0x1082,
  0x1082,0x1082,0x1082,0x1082,0x1082,0x1082,0x1082,0x1082,0x1082,0x1082,0x1082,0x1082,
  0x1082,0x1082,0x1082,0x1082,0x1082,0x1082,0x1082,0x1082,0x1082,0x1082,0x1082,0x1082,
  0x1082,0x1082,0x1082,0x1082,0x1082,0x1082,0x1082,0x1082,0x1082,0x1082,0x1082,0x1082,
  0x1082,0x1082,0x1082,0x1082,0x1082,0x1082,0x1082,0x1082,0x1082,0x1082,0x1082,0x1082,
  0x1082,0x1082,0x1082,0x1082,0x1082,0x1082,0x1082,0x1082,0x1082,0x1082,0x1082,0x1082,
  0x1082,0x1082,0x1082,0x1082,0x1082,0x1082,0x1082,0x1082,0x1082,0x1082,0x1082,0x1082,
  0x1082,0x1082,0x1082,0x1082,0x1082,0x1082,0x1082,0x1082,0x1082,0x1082,0x1082,0x1082,
  0x1082,0x1082,0x1082,0x1082,0x1082,0x1082,0x1082,0x1082,0x1082,0x1082,0x1082,0x1082,
  0x1082,0x1082,0x1082,0x1082,0x1082,0x1082,0x1082,0x1082,0x1082,0x1082,0x1082,0x1082,
  0x1082,0x1082,0x1082,0x1082,0x1082,0x1082,0x1082,0x1082,0x1082,0x1082,0x1082,0x1082,
  0x0862,0x3122,0xFC22,0xF422,0xFC42,0xDBA2,0x28E2,0x4962,0xF422,0xE3C2,0xEBE2,0xFC22,
  0xFC22,0xFC22,0xF422,0xF422,0xF422,0xF422,0xF422,0xF422,0xF422,0xF422,0xFC22,0xD382,
  0x28E2,0x0862,0x0862,0x3922,0xC362,0x1082,0x0862,0x0862,0x1082,0x1082,0x1082,0x0862,
  0x20C2,0xE3C2,0xFC22,0xF422,0xFC22,0xFC42,0xFC42,0xFC22,0xFC22,0xFC22,0xD382,0x4142,
  0xDBC2,0xD3A2,0x3922,0xDBA2,0xE3C2,0xC342,0x18A2,0x28E2,0x18A2,0x3922,0xEC02,0xDBA2,
  0x18A2,0x0862,0x1082,0x1082,0x1082,0x1082,0x1082,0x1082,0x1082,0x1082,0x1082,0x1082,
  0x1082,0x1082,0x1082,0x1082,0x1082,0x1082,0x1082,0x1082,0x1082,0x1082,0x1082,0x1082,
  0x1082,0x1082,0x1082,0x1082,0x1082,0x1082,0x1082,0x1082,0x1082,0x1082,0x1082,0x1082,
  0x1082,0x1082,0x1082,0x1082,0x1082,0x1082,0x1082,0x1082,0x1082,0x1082,0x1082,0x1082,
  0x1082,0x1082,0x1082,0x1082,0x1082,0x1082,0x1082,0x1082,0x1082,0x1082,0x1082,0x1082,
  0x1082,0x1082,0x1082,0x1082,0x1082,0x1082,0x1082,0x1082,0x1082,0x1082,0x1082,0x1082,
  0x1082,0x1082,0x1082,0x1082,0x1082,0x1082,0x1082,0x1082,0x1082,0x1082,0x1082,0x1082,
  0x1082,0x1082,0x1082,0x1082,0x1082,0x1082,0x1082,0x1082,0x1082,0x1082,0x1082,0x1082,
  0x1082,0x1082,0x1082,0x1082,0x1082,0x1082,0x1082,0x1082,0x1082,0x1082,0x1082,0x1082,
  0x1082,0x1082,0x1082,0x1082,0x1082,0x1082,0x1082,0x1082,0x1082,0x1082,0x1082,0x1082,
  0x1082,0x1082,0x1082,0x1082,0x1082,0x1082,0x1082,0x1082,0x1082,0x1082,0x1082,0x1082,
  0x1082,0x1082,0x1082,0x1082,0x1082,0x1082,0x1082,0x1082,0x1082,0x1082,0x1082,0x1082,
  0x1082,0x1082,0x1082,0x1082,0x1082,0x1082,0x1082,0x1082,0x1082,0x1082,0x1082,0x1082,
  0x1082,0x1082,0x1082,0x1082,0x1082,0x1082,0x1082,0x1082,0x1082,0x1082,0x1082,0x1082,
  0x1082,0x1082,0x1082,0x1082,0x1082,0x1082,0x1082,0x1082,0x1082,0x1082,0x1082,0x1082,
  0x0862,0x3102,0xFC22,0xF422,0xF422,0xF422,0xE3C2,0xE3E2,0xFC22,0xFC42,0xFC22,0xF422,
  0xF422,0xF422,0xF422,0xF422,0xF422,0xF422,0xF422,0xF422,0xF422,0xF422,0xF422,0xFC42,
  0xCB82,0x20C2,0x0042,0x2902,0xE3C2,0x28E2,0x1082,0x20C2,0x1082,0x1082,0x0862,0x0862,
  0x3122,0xF402,0xFC22,0xF422,0xE3E2,0xE3E2,0xE3E2,0xE3E2,0xEC02,0xE3C2,0x4962,0xDBA2,
  0xFC42,0xFC42,0xDBA2,0x28E2,0x20C2,0x2902,0x28E2,0xD3A2,0xEBE2,0xE3E2,0xEBE2,0x3922,
  0x18A2,0x1082,0x1082,0x1082,0x1082,0x1082,0x1082,0x1082,0x1082,0x1082,0x1082,0x1082,
  0x1082,0x1082,0x1082,0x1082,0x1082,0x1082,0x1082,0x1082,0x1082,0x1082,0x1082,0x1082,
  0x1082,0x1082,0x1082,0x1082,0x1082,0x1082,0x1082,0x1082,0x1082,0x1082,0x1082,0x1082,
  0x1082,0x1082,0x1082,0x1082,0x1082,0x1082,0x1082,0x1082,0x1082,0x1082,0x1082,0x1082,
  0x1082,0x1082,0x1082,0x1082,0x1082,0x1082,0x1082,0x1082,0x1082,0x1082,0x1082,0x1082,
  0x1082,0x1082,0x1082,0x1082,0x1082,0x1082,0x1082,0x1082,0x1082,0x1082,0x1082,0x1082,
  0x1082,0x1082,0x1082,0x1082,0x1082,0x1082,0x1082,0x1082,0x1082,0x1082,0x1082,0x1082,
  0x1082,0x1082,0x1082,0x1082,0x1082,0x1082,0x1082,0x1082,0x1082,0x1082,0x1082,0x1082,
  0x1082,0x1082,0x1082,0x1082,0x1082,0x1082,0x1082,0x1082,0x1082,0x1082,0x1082,0x1082,
  0x1082,0x1082,0x1082,0x1082,0x1082,0x1082,0x1082,0x1082,0x1082,0x1082,0x1082,0x1082,
  0x1082,0x1082,0x1082,0x1082,0x1082,0x1082,0x1082,0x1082,0x1082,0x1082,0x1082,0x1082,
  0x1082,0x1082,0x1082,0x1082,0x1082,0x1082,0x1082,0x1082,0x1082,0x1082,0x1082,0x1082,
  0x1082,0x1082,0x1082,0x1082,0x1082,0x1082,0x1082,0x1082,0x1082,0x1082,0x1082,0x1082,
  0x1082,0x1082,0x1082,0x1082,0x1082,0x1082,0x1082,0x1082,0x1082,0x1082,0x1082,0x1082,
  0x1082,0x1082,0x1082,0x1082,0x1082,0x1082,0x1082,0x1082,0x1082,0x1082,0x1082,0x0862,
  0x0862,0x4142,0xFC22,0xF422,0xF422,0xFC22,0xFC42,0xFC22,0xF422,0xF422,0xF422,0xF422,
  0xF422,0xF422,0xF422,0xF422,0xF422,0xF422,0xF422,0xF422,0xF422,0xF422,0xF422,0xF422,
  0xFC42,0xD382,0x18A2,0x20C2,0xEBE2,0xC342,0x3102,0xBB42,0x18A2,0x0862,0x18A2,0x3102,
  0xD3A2,0xF422,0xFC42,0xE3E2,0x3102,0x28E2,0x3102,0x28E2,0x3942,0xEBE2,0xDBA2,0xFC22,
  0xF422,0xEC02,0xEBE2,0x1082,0x20C2,0xD3A2,0xEBE2,0xFC22,0xFC42,0xFC42,0xF422,0xE3E2,
  0xCB82,0x20C2,0x0862,0x1082,0x0862,0x1082,0x1082,0x1082,0x0862,0x1082,0x1082,0x1082,
  0x1082,0x1082,0x1082,0x1082,0x1082,0x1082,0x1082,0x1082,0x1082,0x1082,0x1082,0x1082,
  0x1082,0x1082,0x1082,0x1082,0x1082,0x1082,0x1082,0x1082,0x1082,0x1082,0x1082,0x1082,
  0x1082,0x1082,0x1082,0x1082,0x1082,0x1082,0x1082,0x1082,0x1082,0x1082,0x1082,0x1082,
  0x1082,0x1082,0x1082,0x1082,0x1082,0x1082,0x1082,0x1082,0x1082,0x1082,0x1082,0x1082,
  0x1082,0x1082,0x1082,0x1082,0x1082,0x1082,0x1082,0x1082,0x1082,0x1082,0x1082,0x1082,
  0x1082,0x1082,0x1082,0x1082,0x1082,0x1082,0x1082,0x1082,0x1082,0x1082,0x1082,0x1082,
  0x1082,0x1082,0x1082,0x1082,0x1082,0x1082,0x1082,0x1082,0x1082,0x1082,0x1082,0x1082,
  0x1082,0x1082,0x1082,0x1082,0x1082,0x1082,0x1082,0x1082,0x1082,0x1082,0x1082,0x1082,
  0x1082,0x1082,0x1082,0x1082,0x1082,0x1082,0x1082,0x1082,0x1082,0x1082,0x1082,0x1082,
  0x1082,0x1082,0x1082,0x1082,0x1082,0x1082,0x1082,0x1082,0x1082,0x1082,0x1082,0x1082,
  0x1082,0x1082,0x1082,0x1082,0x1082,0x1082,0x1082,0x1082,0x1082,0x1082,0x1082,0x1082,
  0x1082,0x1082,0x1082,0x1082,0x1082,0x1082,0x1082,0x1082,0x1082,0x1082,0x1082,0x1082,
  0x1082,0x1082,0x1082,0x1082,0x1082,0x1082,0x1082,0x1082,0x1082,0x1082,0x1082,0x1082,
  0x1082,0x1082,0x1082,0x1082,0x1082,0x1082,0x1082,0x0862,0x0862,0x1082,0x1082,0x18A2,
  0x3922,0xEC02,0xF422,0xF422,0xF422,0xF422,0xF422,0xF422,0xF422,0xF422,0xF422,0xF422,
  0xF422,0xF422,0xF422,0xF422,0xF422,0xF422,0xF422,0xF422,0xF422,0xF422,0xF422,0xF422,
  0xF422,0xFC42,0xCB82,0x20C2,0x18A2,0x20C2,0x1082,0x20C2,0x0862,0x3102,0xE3E2,0xD382,
  0x3922,0xEBE2,0xEC02,0xF422,0xE3E2,0xE3E2,0xE3E2,0xE3C2,0xEBE2,0xE3E2,0x4962,0xEC02,
  0xE3E2,0x4962,0xD3A2,0x3922,0xDBA2,0xFC42,0xFC22,0xF422,0xF422,0xF422,0xFC22,0xEC02,
  0x3102,0x0862,0x1082,0x1082,0x18A2,0x1082,0x0862,0x0862,0x18A2,0x1082,0x1082,0x1082,
  0x1082,0x1082,0x1082,0x1082,0x1082,0x1082,0x1082,0x1082,0x1082,0x1082,0x1082,0x1082,
  0x1082,0x1082,0x1082,0x1082,0x1082,0x1082,0x1082,0x1082,0x1082,0x1082,0x1082,0x1082,
  0x1082,0x1082,0x1082,0x1082,0x1082,0x1082,0x1082,0x1082,0x1082,0x1082,0x1082,0x1082,
  0x1082,0x1082,0x1082,0x1082,0x1082,0x1082,0x1082,0x1082,0x1082,0x1082,0x1082,0x1082,
  0x1082,0x1082,0x1082,0x1082,0x1082,0x1082,0x1082,0x1082,0x1082,0x1082,0x1082,0x1082,
  0x1082,0x1082,0x1082,0x1082,0x1082,0x1082,0x1082,0x1082,0x1082,0x1082,0x1082,0x1082,
  0x1082,0x1082,0x1082,0x1082,0x1082,0x1082,0x1082,0x1082,0x1082,0x1082,0x1082,0x1082,
  0x1082,0x1082,0x1082,0x1082,0x1082,0x1082,0x1082,0x1082,0x1082,0x1082,0x1082,0x1082,
  0x1082,0x1082,0x1082,0x1082,0x1082,0x1082,0x1082,0x1082,0x1082,0x1082,0x1082,0x1082,
  0x1082,0x1082,0x1082,0x1082,0x1082,0x1082,0x1082,0x1082,0x1082,0x1082,0x1082,0x1082,
  0x1082,0x1082,0x1082,0x1082,0x1082,0x1082,0x1082,0x1082,0x1082,0x1082,0x1082,0x1082,
  0x1082,0x1082,0x1082,0x1082,0x1082,0x1082,0x1082,0x1082,0x1082,0x1082,0x1082,0x1082,
  0x1082,0x1082,0x1082,0x1082,0x1082,0x1082,0x1082,0x1082,0x1082,0x1082,0x1082,0x1082,
  0x1082,0x1082,0x1082,0x1082,0x1082,0x1082,0x1082,0x20C2,0x18A2,0x0862,0x3102,0xDBC2,
  0xEBE2,0xEC02,0xF422,0xF422,0xF422,0xF422,0xF422,0xF422,0xF422,0xF422,0xF422,0xF422,
  0xF422,0xF422,0xF422,0xF422,0xF422,0xF422,0xF422,0xF422,0xF422,0xF422,0xF422,0xF422,
  0xF422,0xF422,0xFC42,0xCB82,0x18A2,0x0862,0x1082,0x0862,0x3102,0xE3C2,0xFC62,0xDBC2,
  0x3922,0xD3A2,0x4962,0xE3C2,0xF422,0xF402,0xEC02,0xF402,0xF402,0xEBE2,0xE3C2,0xFC22,
  0xFC22,0xE3E2,0xF402,0xEBE2,0xFC22,0xF422,0xF422,0xF422,0xF422,0xF422,0xFC22,0xEBE2,
  0x20E2,0x0862,0x0862,0x18A2,0xBB42,0x20C2,0x1082,0x28E2,0xC342,0x20C2,0x0862,0x1082,
  0x1082,0x1082,0x1082,0x1082,0x1082,0x1082,0x1082,0x1082,0x1082,0x1082,0x1082,0x1082,
  0x1082,0x1082,0x1082,0x1082,0x1082,0x1082,0x1082,0x1082,0x1082,0x1082,0x1082,0x1082,
  0x1082,0x1082,0x1082,0x1082,0x1082,0x1082,0x1082,0x1082,0x1082,0x1082,0x1082,0x1082,
  0x1082,0x1082,0x1082,0x1082,0x1082,0x1082,0x1082,0x1082,0x1082,0x1082,0x1082,0x1082,
  0x1082,0x1082,0x1082,0x1082,0x1082,0x1082,0x1082,0x1082,0x1082,0x1082,0x1082,0x1082,
  0x1082,0x1082,0x1082,0x1082,0x1082,0x1082,0x1082,0x1082,0x1082,0x1082,0x1082,0x1082,
  0x1082,0x1082,0x1082,0x1082,0x1082,0x1082,0x1082,0x1082,0x1082,0x1082,0x1082,0x1082,
  0x1082,0x1082,0x1082,0x1082,0x1082,0x1082,0x1082,0x1082,0x1082,0x1082,0x1082,0x1082,
  0x1082,0x1082,0x1082,0x1082,0x1082,0x1082,0x1082,0x1082,0x1082,0x1082,0x1082,0x1082,
  0x1082,0x1082,0x1082,0x1082,0x1082,0x1082,0x1082,0x1082,0x1082,0x1082,0x1082,0x1082,
  0x1082,0x1082,0x1082,0x1082,0x1082,0x1082,0x1082,0x1082,0x1082,0x1082,0x1082,0x1082,
  0x1082,0x1082,0x1082,0x1082,0x1082,0x1082,0x1082,0x1082,0x1082,0x1082,0x1082,0x1082,
  0x1082,0x1082,0x1082,0x1082,0x1082,0x1082,0x1082,0x1082,0x1082,0x1082,0x1082,0x1082,
  0x1082,0x1082,0x1082,0x1082,0x1082,0x0862,0x3102,0xDBC2,0xB322,0x0882,0x0862,0x5182,
  0xCB62,0x4962,0xF422,0xFC22,0xF422,0xF422,0xF422,0xF422,0xF422,0xF422,0xF422,0xF422,
  0xF422,0xF422,0xF422,0xF422,0xF422,0xF422,0xF422,0xF422,0xF422,0xF422,0xF422,0xF422,
  0xF422,0xF422,0xF422,0xFC42,0xCB82,0x1082,0x0862,0x20C2,0xE3C2,0xFC42,0xF422,0xF402,
  0xE3E2,0xF422,0xCB82,0x28E2,0x18A2,0x20C2,0x28E2,0x20C2,0x18A2,0x3102,0xF402,0xEC02,
  0xEBE2,0xFC22,0xFC22,0xFC22,0xF422,0xF422,0xF422,0xF422,0xF422,0xF422,0xF422,0xFC22,
  0xDBA2,0x20C2,0x0862,0x1082,0x20C2,0x18A2,0xCB62,0xD3A2,0x3102,0x1082,0x1082,0x1082,
  0x1082,0x1082,0x1082,0x1082,0x1082,0x1082,0x1082,0x1082,0x1082,0x1082,0x1082,0x1082,
  0x1082,0x1082,0x1082,0x1082,0x1082,0x1082,0x1082,0x0862,0x0862,0x0862,0x0862,0x0862,
  0x0862,0x0862,0x0862,0x0862,0x0862,0x1082,0x1082,0x1082,0x1082,0x1082,0x1082,0x0862,
  0x0862,0x1082,0x1082,0x1082,0x1082,0x1082,0x1082,0x1082,0x1082,0x1082,0x1082,0x1082,
  0x1082,0x1082,0x1082,0x1082,0x1082,0x1082,0x1082,0x1082,0x1082,0x1082,0x1082,0x1082,
  0x1082,0x1082,0x1082,0x1082,0x1082,0x1082,0x1082,0x1082,0x1082,0x1082,0x1082,0x1082,
  0x1082,0x1082,0x1082,0x1082,0x1082,0x1082,0x1082,0x1082,0x1082,0x1082,0x1082,0x1082,
  0x1082,0x1082,0x1082,0x1082,0x1082,0x1082,0x1082,0x1082,0x1082,0x1082,0x1082,0x1082,
  0x1082,0x1082,0x1082,0x1082,0x1082,0x1082,0x1082,0x1082,0x1082,0x1082,0x1082,0x1082,
  0x1082,0x1082,0x1082,0x1082,0x1082,0x1082,0x1082,0x1082,0x1082,0x1082,0x1082,0x1082,
  0x1082,0x1082,0x1082,0x1082,0x1082,0x1082,0x1082,0x1082,0x1082,0x1082,0x1082,0x1082,
  0x1082,0x1082,0x1082,0x1082,0x1082,0x1082,0x1082,0x1082,0x1082,0x1082,0x1082,0x1082,
  0x1082,0x1082,0x1082,0x1082,0x1082,0x1082,0x1082,0x1082,0x1082,0x1082,0x1082,0x1082,
  0x1082,0x1082,0x1082,0x1082,0x1082,0x1082,0x1082,0x28E2,0x20C2,0x1082,0x1082,0x0862,
  0x4962,0xE3C2,0xF422,0xF422,0xF422,0xF422,0xF422,0xF422,0xF422,0xF422,0xF422,0xF422,
  0xF422,0xF422,0xF422,0xF422,0xF422,0xF422,0xF422,0xF422,0xF422,0xF422,0xF422,0xF422,
  0xF422,0xF422,0xF422,0xFC42,0xE3C2,0x20C2,0x0862,0x3102,0xF422,0xFC22,0xF422,0xFC22,
  0xFC22,0xFC42,0xEBE2,0x20C2,0x1082,0x3102,0xC362,0x20C2,0x0862,0x28E2,0xDBA2,0x3922,
  0x3922,0xEBE2,0xFC22,0xF422,0xF422,0xF422,0xFC22,0xFC22,0xFC22,0xFC22,0xF422,0xFC22,
  0xEC02,0x20C2,0x0862,0x1082,0x0862,0x18A2,0x28E2,0x28E2,0x0862,0x1082,0x1082,0x1082,
  0x1082,0x1082,0x1082,0x1082,0x1082,0x1082,0x1082,0x1082,0x1082,0x1082,0x1082,0x1082,
  0x1082,0x1082,0x1082,0x1082,0x1082,0x1082,0x1082,0x18A2,0x18A2,0x18A2,0x18A2,0x18A2,
  0x18A2,0x18A2,0x18A2,0x18A2,0x18A2,0x1082,0x1082,0x1082,0x1082,0x1082,0x1082,0x18A2,
  0x18A2,0x1082,0x1082,0x1082,0x1082,0x1082,0x1082,0x1082,0x1082,0x1082,0x1082,0x1082,
  0x1082,0x1082,0x1082,0x1082,0x1082,0x1082,0x1082,0x1082,0x1082,0x1082,0x1082,0x1082,
  0x1082,0x1082,0x1082,0x1082,0x1082,0x1082,0x1082,0x1082,0x1082,0x1082,0x1082,0x1082,
  0x1082,0x1082,0x1082,0x1082,0x1082,0x1082,0x1082,0x1082,0x1082,0x1082,0x1082,0x1082,
  0x1082,0x1082,0x1082,0x1082,0x1082,0x1082,0x1082,0x1082,0x1082,0x1082,0x1082,0x1082,
  0x1082,0x1082,0x1082,0x1082,0x1082,0x1082,0x1082,0x1082,0x1082,0x1082,0x1082,0x1082,
  0x1082,0x1082,0x1082,0x1082,0x1082,0x1082,0x1082,0x1082,0x1082,0x1082,0x1082,0x1082,
  0x1082,0x1082,0x1082,0x1082,0x1082,0x1082,0x1082,0x1082,0x1082,0x1082,0x1082,0x1082,
  0x1082,0x1082,0x1082,0x1082,0x1082,0x1082,0x1082,0x1082,0x1082,0x1082,0x1082,0x1082,
  0x1082,0x1082,0x1082,0x1082,0x1082,0x1082,0x1082,0x1082,0x1082,0x1082,0x1082,0x1082,
  0x1082,0x1082,0x1082,0x1082,0x1082,0x1082,0x1082,0x0862,0x0862,0x1082,0x0862,0x3102,
  0xE3E2,0xFC42,0xF422,0xF422,0xF422,0xF422,0xF422,0xF422,0xF422,0xF422,0xF422,0xF422,
  0xF422,0xF422,0xF422,0xF422,0xF422,0xF422,0xF422,0xF422,0xF422,0xF422,0xF422,0xF422,
  0xF422,0xF422,0xF422,0xF422,0xF422,0xBB22,0x28E2,0xDBC2,0xFC22,0xF422,0xF422,0xEC02,
  0xF422,0xEC02,0xEBE2,0xE3C2,0xDBA2,0xDBA2,0xEC02,0xDBC2,0xE3C2,0xE3E2,0xF422,0xDBC2,
  0xDBC2,0xF422,0xFC22,0xF422,0xF422,0xFC22,0xF422,0xEC02,0xEC02,0xF422,0xF422,0xFC22,
  0xEBE2,0x20C2,0x0862,0x0862,0x18A2,0xBB42,0x18A2,0x0042,0x1082,0x1082,0x1082,0x1082,
  0x1082,0x1082,0x1082,0x1082,0x1082,0x1082,0x1082,0x1082,0x1082,0x1082,0x1082,0x1082,
  0x1082,0x1082,0x1082,0x1082,0x1082,0x1082,0x1082,0xCB62,0xE3E2,0xE3C2,0xE3E2,0xE3E2,
  0xE3E2,0xE3E2,0xE3E2,0xE3E2,0xE3E2,0x3102,0x0862,0x1082,0x1082,0x1082,0x1082,0xC342,
  0xEC02,0x3102,0x0862,0x1082,0x1082,0x1082,0x1082,0x1082,0x1082,0x1082,0x1082,0x1082,
  0x1082,0x1082,0x1082,0x1082,0x1082,0x1082,0x1082,0x1082,0x1082,0x1082,0x1082,0x1082,
  0x1082,0x1082,0x1082,0x1082,0x1082,0x1082,0x1082,0x1082,0x1082,0x1082,0x1082,0x1082,
  0x1082,0x1082,0x1082,0x1082,0x1082,0x1082,0x1082,0x1082,0x1082,0x1082,0x1082,0x1082,
  0x1082,0x1082,0x1082,0x1082,0x1082,0x1082,0x1082,0x1082,0x1082,0x1082,0x1082,0x1082,
  0x1082,0x1082,0x1082,0x1082,0x1082,0x1082,0x1082,0x1082,0x1082,0x1082,0x1082,0x1082,
  0x1082,0x1082,0x1082,0x1082,0x1082,0x1082,0x1082,0x1082,0x1082,0x1082,0x1082,0x1082,
  0x1082,0x1082,0x1082,0x1082,0x1082,0x1082,0x1082,0x1082,0x1082,0x1082,0x1082,0x1082,
  0x1082,0x1082,0x1082,0x1082,0x1082,0x1082,0x1082,0x1082,0x1082,0x1082,0x1082,0x1082,
  0x1082,0x1082,0x1082,0x1082,0x1082,0x1082,0x1082,0x1082,0x1082,0x1082,0x1082,0x1082,
  0x1082,0x1082,0x1082,0x1082,0x1082,0x1082,0x1082,0x1082,0x18A2,0x1082,0x0042,0x3102,
  0xF422,0xF422,0xF422,0xF422,0xF422,0xF422,0xFC22,0xFC22,0xF422,0xF422,0xF422,0xF422,
  0xF422,0xF422,0xF422,0xF422,0xF422,0xF422,0xF422,0xF422,0xF422,0xF422,0xF422,0xF422,
  0xF422,0xF422,0xF422,0xFC42,0xE3C2,0x3102,0x3102,0xF422,0xF422,0xFC42,0xDBC2,0x4982,
  0xDBA2,0x28E2,0x4142,0xE3C2,0x3942,0x3102,0x28E2,0x3922,0xF402,0xFC42,0xEC02,0xFC42,
  0xFC42,0xFC22,0xF422,0xF422,0xF422,0xFC22,0xEBE2,0x3922,0x3922,0xEBE2,0xFC22,0xFC22,
  0xEBE2,0x20C2,0x0862,0x18A2,0x18A2,0x28E2,0x18A2,0x1082,0x0862,0x0862,0x1082,0x1082,
  0x1082,0x1082,0x1082,0x1082,0x1082,0x1082,0x1082,0x1082,0x1082,0x1082,0x1082,0x1082,
  0x1082,0x1082,0x1082,0x1082,0x1082,0x1082,0x1082,0xDBC2,0xFC62,0xF402,0xF422,0xF422,
  0xF422,0xF422,0xF422,0xF422,0xF402,0x3102,0x0862,0x1082,0x1082,0x1082,0x1082,0xD382,
  0xFC42,0x3102,0x0862,0x1082,0x1082,0x1082,0x1082,0x1082,0x1082,0x1082,0x1082,0x1082,
  0x1082,0x1082,0x1082,0x1082,0x1082,0x1082,0x1082,0x1082,0x1082,0x1082,0x1082,0x1082,
  0x1082,0x1082,0x1082,0x1082,0x1082,0x1082,0x1082,0x1082,0x1082,0x1082,0x1082,0x1082,
  0x1082,0x1082,0x1082,0x1082,0x1082,0x1082,0x1082,0x1082,0x1082,0x1082,0x1082,0x1082,
  0x1082,0x1082,0x1082,0x1082,0x1082,0x1082,0x1082,0x1082,0x1082,0x1082,0x1082,0x1082,
  0x1082,0x1082,0x1082,0x1082,0x1082,0x1082,0x1082,0x1082,0x1082,0x1082,0x1082,0x1082,
  0x1082,0x1082,0x1082,0x1082,0x1082,0x1082,0x1082,0x1082,0x1082,0x1082,0x1082,0x1082,
  0x1082,0x1082,0x1082,0x1082,0x1082,0x1082,0x1082,0x1082,0x1082,0x1082,0x1082,0x1082,
  0x1082,0x1082,0x1082,0x1082,0x1082,0x1082,0x1082,0x1082,0x1082,0x1082,0x1082,0x1082,
  0x1082,0x1082,0x1082,0x1082,0x1082,0x1082,0x1082,0x1082,0x1082,0x1082,0x1082,0x1082,
  0x1082,0x1082,0x1082,0x1082,0x0862,0x1082,0x0862,0x3922,0xBB22,0x18A2,0x18A2,0x1082,
  0x4962,0xFC22,0xF422,0xF422,0xF422,0xFC22,0xF422,0xEC02,0xF422,0xF422,0xF422,0xF422,
  0xF422,0xF422,0xF422,0xF422,0xF422,0xF422,0xF422,0xF422,0xF422,0xF422,0xF422,0xF422,
  0xF422,0xF422,0xF422,0xF422,0xF422,0xDBA2,0xDBA2,0xF422,0xFC22,0xF422,0xF402,0xE3E2,
  0xDBA2,0x2902,0xD382,0xF422,0xDBA2,0xDBC2,0xC362,0x28E2,0xEC02,0xE3E2,0x4962,0xEBE2,
  0xFC22,0xF422,0xF422,0xF422,0xF422,0xFC22,0xF422,0xDBC2,0xDBC2,0xF422,0xF422,0xFC22,
  0xEBE2,0x28E2,0x18A2,0xCB82,0xD3A2,0x28E2,0xBB22,0x3102,0x1082,0x18A2,0x1082,0x1082,
  0x1082,0x1082,0x1082,0x1082,0x1082,0x1082,0x1082,0x1082,0x1082,0x1082,0x1082,0x1082,
  0x1082,0x1082,0x1082,0x1082,0x1082,0x1082,0x1082,0xDBA2,0xFC22,0x4142,0x20C2,0x28E2,
  0x20C2,0x20C2,0x20C2,0x20C2,0x20C2,0x1082,0x1082,0x1082,0x1082,0x1062,0x0862,0x20C2,
  0x20C2,0x1082,0x1082,0x1082,0x1082,0x1082,0x1082,0x1062,0x0862,0x1082,0x1082,0x1062,
  0x0862,0x0862,0x0862,0x1082,0x1082,0x1082,0x1082,0x1062,0x0862,0x0862,0x0862,0x1082,
  0x1082,0x1062,0x0862,0x1082,0x1082,0x1082,0x1082,0x1062,0x0862,0x1082,0x1082,0x1082,
  0x1082,0x1082,0x1082,0x1062,0x0862,0x1082,0x1082,0x1082,0x1082,0x1062,0x0862,0x0862,
  0x0862,0x1082,0x1082,0x1082,0x1082,0x1082,0x1082,0x1062,0x0862,0x1082,0x1082,0x1062,
  0x0862,0x0862,0x0862,0x1082,0x1082,0x1082,0x1082,0x1082,0x1082,0x1062,0x0862,0x0862,
  0x0862,0x0862,0x0862,0x1082,0x1082,0x1082,0x1082,0x1082,0x1082,0x1082,0x1082,0x1082,
  0x1082,0x1082,0x1082,0x1082,0x1082,0x1082,0x1082,0x1082,0x1082,0x1082,0x1082,0x1082,
  0x1082,0x1082,0x1082,0x1082,0x1082,0x1082,0x1082,0x1082,0x1082,0x1082,0x1082,0x1082,
  0x1082,0x1082,0x1082,0x1082,0x1082,0x1082,0x1082,0x1082,0x1082,0x1082,0x1082,0x1082,
  0x1082,0x1082,0x1082,0x1082,0x18A2,0x1082,0x1082,0x1082,0x4962,0xDBA2,0xDBA2,0xDBC2,
  0xE3C2,0xFC22,0xF422,0xF422,0xF422,0xFC42,0xD382,0x4962,0xF422,0xFC22,0xF422,0xF422,
  0xF422,0xF422,0xF422,0xF422,0xF422,0xF422,0xF422,0xF422,0xF422,0xF422,0xF422,0xF422,
  0xF422,0xF422,0xF422,0xFC22,0xFC42,0xDBA2,0x4962,0xEBE2,0xF422,0xFC22,0xFC22,0xFC42,
  0xF422,0xE3C2,0xFC42,0xFC22,0xFC42,0xFC42,0xFC22,0xE3E2,0xF422,0xF422,0xDBC2,0xF422,
  0xFC22,0xF422,0xF422,0xF422,0xF422,0xF422,0xFC22,0xFC42,0xFC42,0xFC22,0xF422,0xF422,
  0xFC22,0xCB82,0x18A2,0x3102,0xF402,0xDBC2,0x4962,0xC362,0xDBC2,0xD382,0x20C2,0x0862,
  0x1082,0x1082,0x1082,0x1082,0x1082,0x1082,0x1082,0x1082,0x1082,0x1082,0x1082,0x1082,
  0x1082,0x1082,0x1082,0x1082,0x1082,0x1082,0x1082,0xDBA2,0xFC22,0x28E2,0x0042,0x0862,
  0x0862,0x0862,0x0862,0x0862,0x0862,0x1082,0x1082,0x1082,0x1082,0x1082,0x18A2,0x1082,
  0x1082,0x1082,0x1082,0x1082,0x1082,0x1082,0x1082,0x1082,0x18A2,0x1082,0x1082,0x1082,
  0x18A2,0x1882,0x1882,0x1082,0x1082,0x1082,0x1082,0x1082,0x18A2,0x1882,0x18A2,0x1082,
  0x1082,0x1082,0x18A2,0x1082,0x1082,0x1082,0x1082,0x1082,0x18A2,0x1082,0x1082,0x1082,
  0x1082,0x1082,0x1082,0x1082,0x18A2,0x1082,0x1082,0x1082,0x1082,0x1082,0x18A2,0x1882,
  0x18A2,0x1082,0x1082,0x1082,0x1082,0x1082,0x1082,0x1082,0x18A2,0x1082,0x1082,0x1082,
  0x18A2,0x1882,0x18A2,0x1082,0x1082,0x1082,0x1082,0x1082,0x1082,0x1082,0x18A2,0x1882,
  0x1882,0x1882,0x18A2,0x1082,0x1082,0x1082,0x1082,0x1082,0x1082,0x1082,0x1082,0x1082,
  0x1082,0x1082,0x1082,0x1082,0x1082,0x1082,0x1082,0x1082,0x1082,0x1082,0x1082,0x1082,
  0x1082,0x1082,0x1082,0x1082,0x1082,0x1082,0x1082,0x1082,0x1082,0x1082,0x1082,0x1082,
  0x1082,0x1082,0x1082,0x1082,0x1082,0x1082,0x1082,0x1082,0x1082,0x1082,0x1082,0x1082,
  0x1082,0x1082,0x0862,0x3922,0xBB22,0x0862,0x1082,0x1082,0x18A2,0x3102,0x5182,0xFC42,
  0xF422,0xF422,0xF422,0xF422,0xF422,0xFC22,0xF402,0xDBC2,0xF422,0xFC22,0xF422,0xF422,
  0xF422,0xF422,0xF422,0xF422,0xF422,0xF422,0xF422,0xF422,0xF422,0xF422,0xF422,0xF422,
  0xFC22,0xFC22,0xF422,0xF422,0xDBA2,0x28E2,0x0862,0x20C2,0x3922,0xEBE2,0xF402,0xF422,
  0xFC22,0xFC42,0xF422,0xF422,0xF422,0xFC22,0xF422,0xF422,0xF422,0xFC22,0xFC42,0xFC22,
  0xF422,0xF422,0xF422,0xF422,0xF422,0xF422,0xF422,0xF422,0xF422,0xF422,0xF422,0xFC22,
  0xE3E2,0x4142,0x0862,0x1082,0xDBC2,0xFC42,0xD382,0x3922,0x3922,0xE3C2,0x28E2,0x1082,
  0x18A2,0x1082,0x1082,0x1082,0x1082,0x1082,0x1082,0x1082,0x1082,0x1082,0x1082,0x1082,
  0x1082,0x1082,0x1082,0x1082,0x1082,0x1082,0x1082,0xDBA2,0xFC22,0x28E2,0x0862,0x1082,
  0x1082,0x1082,0x1082,0x1082,0x1082,0x1082,0x1082,0x1082,0x1082,0xC342,0xE3E2,0xDBC2,
  0xE3C2,0x3102,0x0862,0x1082,0x1082,0x1082,0x0862,0xBB22,0xE3E2,0x3102,0x0042,0xBB22,
  0xE3E2,0xDBC2,0xE3C2,0x3102,0x0862,0x1082,0x0862,0xB322,0xE3E2,0xDBC2,0xE3E2,0x3922,
  0x0042,0xB322,0xE402,0x3922,0x0062,0x1082,0x0862,0xB302,0xE402,0x3922,0x0862,0x1082,
  0x1082,0x1082,0x0862,0xAAE2,0xE402,0x4142,0x0862,0x1082,0x0862,0xAAE2,0xE3E2,0xDBC2,
  0xE3E2,0x4142,0x0042,0x1082,0x1082,0x1082,0x0862,0xA2C2,0xE422,0x4962,0x0022,0xAAE2,
  0xE402,0xDBA2,0xE3E2,0x4962,0x0042,0x1082,0x1082,0x1082,0x0042,0xA2C2,0xE402,0xDBC2,
  0xE3C2,0xDBC2,0xE402,0x5182,0x0042,0x1082,0x1082,0x1082,0x1082,0x1082,0x1082,0x1082,
  0x1082,0x1082,0x1082,0x1082,0x1082,0x1082,0x1082,0x1082,0x1082,0x1082,0x1082,0x1082,
  0x1082,0x1082,0x1082,0x1082,0x1082,0x1082,0x1082,0x1082,0x1082,0x1082,0x1082,0x1082,
  0x1082,0x1082,0x1082,0x1082,0x1082,0x1082,0x1082,0x1082,0x1082,0x1082,0x1082,0x1082,
  0x1082,0x1082,0x0862,0x18A2,0x28E2,0x1082,0x0862,0x3102,0xE3E2,0xA2C2,0x3922,0xD382,
  0x5182,0xF422,0xF422,0xF422,0xF422,0xF422,0xFC22,0xFC42,0xF422,0xF422,0xF422,0xF422,
  0xF422,0xF422,0xF422,0xF422,0xF422,0xF422,0xF422,0xF422,0xF422,0xF422,0xF422,0xFC22,
  0xF422,0xF422,0xDBA2,0x3102,0x20C2,0x0862,0x1082,0x0862,0x1082,0x20C2,0x4142,0xEBE2,
  0xF422,0xF402,0xF422,0xFC22,0xF422,0xF422,0xE3C2,0x4962,0xEBE2,0xFC22,0xF422,0xF422,
  0xF422,0xF422,0xF422,0xF422,0xF422,0xF422,0xF422,0xF422,0xF422,0xF422,0xFC42,0xEBE2,
  0x4962,0xB322,0x20C2,0x0862,0x3102,0xE3E2,0xF402,0x1082,0x1082,0xD382,0x3102,0xC342,
  0xD3A2,0x20C2,0x0862,0x1082,0x1082,0x1082,0x1082,0x1082,0x1082,0x1082,0x1082,0x1082,
  0x1082,0x1082,0x1082,0x1082,0x1082,0x1082,0x1082,0xDBA2,0xFC22,0x3102,0x1082,0x18A2,
  0x1082,0x1082,0x1082,0x1082,0x1082,0x1082,0x1082,0x1082,0x1082,0xD3A2,0xFC42,0xFC22,
  0xFC42,0x3122,0x0862,0x1082,0x1082,0x1082,0x0862,0xD3A2,0xFC62,0x3922,0x0862,0xD382,
  0xFC42,0xF422,0xFC22,0x4142,0x0862,0x1082,0x0862,0xCB82,0xFC62,0xF422,0xFC42,0x4142,
  0x0862,0xCB62,0xFC62,0x4142,0x0862,0x1082,0x0862,0xC362,0xFC82,0x4142,0x0062,0x1082,
  0x1082,0x1082,0x0862,0xC342,0xFC82,0x4962,0x0042,0x1082,0x0862,0xBB42,0xFC62,0xF422,
  0xFC42,0x5182,0x0862,0x1082,0x1082,0x1082,0x0042,0xBB22,0xFCA2,0x51A2,0x0042,0xBB22,
  0xFC62,0xF402,0xFC62,0x59A2,0x0862,0x1082,0x1082,0x10A2,0x0862,0xB302,0xFC62,0xF422,
  0xFC22,0xF422,0xFC62,0x59C2,0x0862,0x1082,0x1082,0x1082,0x1082,0x1082,0x1082,0x1082,
  0x1082,0x1082,0x1082,0x1082,0x1082,0x1082,0x1082,0x1082,0x1082,0x1082,0x1082,0x1082,
  0x1082,0x1082,0x1082,0x1082,0x1082,0x1082,0x1082,0x1082,0x1082,0x1082,0x1082,0x1082,
  0x1082,0x1082,0x1082,0x1082,0x1082,0x1082,0x1082,0x1082,0x1082,0x1082,0x1082,0x1082,
  0x1082,0x1082,0x1082,0x1062,0x0862,0x1082,0x0862,0x4162,0xE3C2,0x28E2,0x3922,0xEC02,
  0xD3A2,0xF422,0xF422,0xF422,0xF422,0xF422,0xF422,0xF422,0xF422,0xF422,0xF422,0xF422,
  0xF422,0xF422,0xF422,0xF422,0xF422,0xF422,0xF422,0xF422,0xF422,0xF422,0xF422,0xFC42,
  0xE3C2,0x3102,0x20C2,0x0862,0x0862,0x1082,0x1082,0x1082,0x1082,0x0862,0x0862,0x28E2,
  0x20C2,0x3922,0xEC02,0xFC42,0xE3C2,0x4962,0xEBE2,0xDBC2,0xF422,0xFC22,0xF422,0xF422,
  0xF422,0xF422,0xF422,0xF422,0xF422,0xF422,0xF422,0xF422,0xF422,0xF422,0xF422,0xF402,
  0xCB82,0x4142,0x1082,0x1082,0x0862,0x28E2,0x28E2,0x18A2,0x1082,0x28E2,0x1082,0x28E2,
  0x3102,0x1082,0x1082,0x1082,0x1082,0x1082,0x1082,0x1082,0x1082,0x1082,0x1082,0x1082,
  0x1082,0x1082,0x1082,0x1082,0x1082,0x1082,0x1082,0xDBA2,0xFC42,0xE3C2,0xDBC2,0xDBC2,
  0xDBC2,0xDBC2,0xDBC2,0x28E2,0x0862,0x1082,0x1082,0x1082,0x1082,0x20C2,0x28E2,0xD3A2,
  0xFC42,0x3102,0x0862,0x1082,0x1082,0x1082,0x0862,0xCB82,0xFC42,0xE3C2,0xDBC2,0x4962,
  0x20C2,0x28E2,0x20E2,0xBB22,0xE3E2,0x3122,0x0042,0xCB62,0xFC62,0x5182,0x20C2,0xBB22,
  0xE3E2,0x4982,0x18C2,0xB322,0xE3E2,0x3922,0x0042,0xC362,0xFC62,0x4142,0x0062,0x1082,
  0x1062,0x1082,0x0862,0xBB42,0xFC62,0x4142,0x0042,0x1082,0x1082,0x20C2,0x28E2,0x28E2,
  0x20C2,0xAAE2,0xE402,0x4142,0x0862,0x1082,0x0062,0xB322,0xFC62,0xE3C2,0xE3E2,0x59A2,
  0x20C2,0x28E2,0x20C2,0xA2E2,0xE402,0x4982,0x0022,0x9AC2,0xE402,0x59A2,0x18C2,0x28E2,
  0x28E2,0x28E2,0x18C2,0xA2C2,0xE422,0x5182,0x0042,0x1082,0x1082,0x1082,0x1082,0x1082,
  0x1082,0x1082,0x1082,0x1082,0x1082,0x1082,0x1082,0x1082,0x1082,0x1082,0x1082,0x1082,
  0x1082,0x1082,0x1082,0x1082,0x1082,0x1082,0x1082,0x1082,0x1082,0x1082,0x1082,0x1082,
  0x1082,0x1082,0x1082,0x1082,0x1082,0x1082,0x1082,0x1082,0x1082,0x1082,0x1082,0x1082,
  0x1082,0x1082,0x1082,0x1082,0x1082,0x0862,0x3102,0xDBC2,0xF422,0xAB02,0x1082,0x28E2,
  0x59A2,0xFC22,0xF422,0xF422,0xF422,0xF422,0xF422,0xF422,0xF422,0xF422,0xF422,0xF422,
  0xF422,0xF422,0xF422,0xF422,0xF422,0xF422,0xF422,0xF422,0xF422,0xF422,0xF422,0xF422,
  0xF422,0xBB42,0x1082,0x0882,0x3102,0xBB22,0x3122,0xBB42,0x18A2,0x1082,0x1082,0x1082,
  0x0862,0x20C2,0xEC02,0xFC42,0xF402,0xDBA2,0xF422,0xFC42,0xFC22,0xF422,0xF422,0xF422,
  0xF422,0xF422,0xFC22,0xFC22,0xF422,0xF422,0xF422,0xF422,0xF422,0xFC42,0xEBE2,0x4962,
  0xEC02,0xCB82,0x18A2,0x0862,0x1082,0x0042,0x10A2,0xBB42,0x20C2,0x0042,0x1082,0x0862,
  0x0862,0x1082,0x1082,0x1082,0x1082,0x1082,0x1082,0x1082,0x1082,0x1082,0x1082,0x1082,
  0x1082,0x1082,0x1082,0x1082,0x1082,0x1082,0x1082,0xDBA2,0xFC42,0xF422,0xFC22,0xFC22,
  0xFC22,0xFC22,0xFC22,0x3102,0x0862,0x1082,0x1082,0x1082,0x1082,0x0862,0x0862,0xD382,
  0xFC42,0x3102,0x0862,0x1082,0x1082,0x1082,0x0862,0xD382,0xFC42,0xF422,0xFC42,0x3102,
  0x0042,0x0862,0x0042,0xCB82,0xFC62,0x3922,0x0042,0xCB62,0xFC62,0x3922,0x0022,0xCB82,
  0xFC82,0x3922,0x0022,0xCB62,0xFC82,0x4142,0x0042,0xC362,0xFC62,0x4142,0x0862,0x1082,
  0x1082,0x1082,0x0862,0xBB42,0xFC82,0x4142,0x0042,0x1082,0x1082,0x0862,0x0862,0x1082,
  0x0042,0xBB42,0xFCA2,0x4962,0x0042,0x1082,0x0062,0xBB22,0xFC62,0xF402,0xFC62,0x4962,
  0x0022,0x1082,0x0022,0xB302,0xFCA2,0x5182,0x0022,0xB322,0xFCA2,0x5182,0x0042,0x1082,
  0x0862,0x1082,0x0042,0xAB02,0xFCC2,0x59A2,0x0042,0x1082,0x1082,0x1082,0x1082,0x1082,
  0x1082,0x1082,0x1082,0x1082,0x1082,0x1082,0x1082,0x1082,0x1082,0x1082,0x1082,0x1082,
  0x1082,0x1082,0x1082,0x1082,0x1082,0x1082,0x1082,0x1082,0x1082,0x1082,0x1082,0x1082,
  0x1082,0x1082,0x1082,0x1082,0x1082,0x1082,0x1082,0x1082,0x1082,0x1082,0x1082,0x1082,
  0x1082,0x1082,0x1082,0x1082,0x1082,0x1082,0x18A2,0x3102,0x2902,0x3102,0x0862,0x28E2,
  0xDBA2,0xFC22,0xF422,0xF422,0xF422,0xF422,0xF422,0xF422,0xF422,0xF422,0xF422,0xF422,
  0xF422,0xF422,0xF422,0xF422,0xF422,0xF422,0xF422,0xF422,0xF422,0xF422,0xF422,0xF422,
  0xFC22,0xFC22,0xDBC2,0xDBA2,0xE3C2,0xFC22,0xE3C2,0xFC22,0xDBA2,0xDBA2,0xDBA2,0xDBC2,
  0xDBA2,0xDBC2,0xF422,0xFC22,0xFC22,0xFC42,0xFC22,0xF422,0xF422,0xF422,0xF422,0xF422,
  0xFC22,0xFC22,0xF402,0xF422,0xF422,0xF422,0xF422,0xF422,0xF422,0xFC22,0xF422,0xDBA2,
  0xE3E2,0x4142,0x1082,0x1082,0x1082,0x1082,0x1082,0x3102,0x1082,0x18A2,0xBB42,0x20C2,
  0x0862,0x1082,0x1082,0x1082,0x1082,0x1082,0x1082,0x1082,0x1082,0x1082,0x1082,0x1082,
  0x1082,0x1082,0x1082,0x1082,0x1082,0x1082,0x1082,0xDBA2,0xFC22,0x4142,0x20E2,0x28E2,
  0x28E2,0x28E2,0x28E2,0x1082,0x1082,0x1082,0x1082,0x1082,0x1082,0x1082,0x1082,0xD382,
  0xFC42,0x3102,0x0862,0x1082,0x1082,0x1082,0x0862,0xD382,0xFC42,0x4962,0x20C2,0x18A2,
  0x1082,0x1082,0x1082,0x20C2,0x28E2,0x1082,0x0862,0xCB62,0xFC62,0x3942,0x0042,0xCB62,
  0xFC62,0x4142,0x0042,0xC362,0xFC62,0x4142,0x0042,0xC362,0xFC62,0x4142,0x0042,0xAB02,
  0xE3E2,0x3942,0x0042,0xC342,0xFC82,0x4142,0x0042,0x1082,0x0862,0xAAE2,0xE3E2,0xDBA2,
  0xDBA2,0xEC02,0xFC42,0x4962,0x0042,0x1082,0x0042,0xB322,0xFC82,0x61C2,0x20C2,0x18A2,
  0x1082,0x1082,0x1082,0x20C2,0x28E2,0x18A2,0x0042,0xB302,0xFC62,0xE3C2,0xDBA2,0xDBC2,
  0xDBC2,0xDBC2,0xDBA2,0xEC02,0xFC62,0x59A2,0x0042,0x1082,0x1082,0x1082,0x1082,0x1082,
  0x1082,0x1082,0x1082,0x1082,0x1082,0x1082,0x1082,0x1082,0x1082,0x1082,0x1082,0x1082,
  0x1082,0x1082,0x1082,0x1082,0x1082,0x1082,0x1082,0x1082,0x1082,0x1082,0x1082,0x1082,
  0x1082,0x1082,0x1082,0x1082,0x1082,0x1082,0x1082,0x1082,0x1082,0x1082,0x1082,0x1082,
  0x1082,0x1082,0x0862,0x3102,0xDBC2,0xB302,0x0862,0x0862,0x0862,0x1062,0x0862,0x3922,
  0xFC42,0xF422,0xF422,0xF422,0xF422,0xF422,0xF422,0xF422,0xF422,0xF422,0xF422,0xF422,
  0xF422,0xF422,0xF422,0xF422,0xF422,0xF422,0xF422,0xF422,0xF422,0xF422,0xF422,0xFC22,
  0xF422,0xF422,0xFC42,0xFC42,0xFC42,0xF422,0xFC42,0xF422,0xFC42,0xFC42,0xFC42,0xFC42,
  0xFC42,0xFC42,0xFC22,0xF422,0xF422,0xF422,0xF422,0xF422,0xF422,0xF422,0xF422,0xF422,
  0xFC22,0xE3E2,0x3922,0x3922,0xEC02,0xFC22,0xF422,0xF422,0xF422,0xFC22,0xEBE2,0x4142,
  0x28E2,0x0862,0x18A2,0xBB22,0x3102,0xBB22,0x20C2,0x1082,0xBB42,0x28E2,0x28E2,0x18A2,
  0x1082,0x1082,0x1082,0x1082,0x1082,0x1082,0x1082,0x1082,0x1082,0x1082,0x1082,0x1082,
  0x1082,0x1082,0x1082,0x1082,0x1082,0x1082,0x1082,0xDBA2,0xFC22,0x20C2,0x0042,0x0862,
  0x0862,0x0862,0x0862,0x1082,0x1082,0x1082,0x1082,0x1082,0x1082,0x1082,0x1082,0xD382,
  0xFC42,0x3102,0x0862,0x1082,0x1082,0x1082,0x0862,0xD382,0xFC42,0x3102,0x0042,0x1082,
  0x1082,0x1082,0x1082,0x0862,0x0862,0x1082,0x0862,0xCB62,0xFC62,0x3922,0x0042,0xCB62,
  0xFC62,0x4142,0x0042,0xC362,0xFC62,0x4142,0x0042,0xC362,0xFC62,0x4142,0x0042,0xCB62,
  0xFC82,0x4162,0x0042,0xC342,0xFC82,0x4142,0x0842,0x10A2,0x0862,0xC342,0xFC62,0xFC22,
  0xFC42,0xF422,0xFC42,0x4962,0x0042,0x1082,0x0042,0xB322,0xFC82,0x4962,0x0022,0x1082,
  0x1082,0x1082,0x1082,0x0862,0x0862,0x1082,0x0042,0xB302,0xFC62,0xF422,0xFC42,0xFC22,
  0xFC22,0xFC22,0xFC42,0xF422,0xFC42,0x59A2,0x0042,0x1082,0x1082,0x1082,0x1082,0x1082,
  0x1082,0x1082,0x1082,0x1082,0x1082,0x1082,0x1082,0x1082,0x1082,0x1082,0x1082,0x1082,
  0x1082,0x1082,0x1082,0x1082,0x1082,0x1082,0x1082,0x1082,0x1082,0x1082,0x1082,0x1082,
  0x1082,0x1082,0x1082,0x1082,0x1082,0x1082,0x1082,0x1082,0x1082,0x1082,0x1082,0x1082,
  0x1082,0x0862,0x3922,0xBB42,0x3102,0x3102,0x1082,0x0862,0x3922,0xBB22,0x0862,0x3922,
  0xF422,0xF422,0xF422,0xF422,0xF422,0xF422,0xF422,0xF422,0xF422,0xF422,0xF422,0xF422,
  0xF422,0xF422,0xF422,0xF422,0xF422,0xF422,0xF422,0xF422,0xF422,0xF422,0xF422,0xF422,
  0xF422,0xF422,0xF422,0xF422,0xF422,0xF422,0xF422,0xF422,0xF422,0xF422,0xF422,0xF422,
  0xF422,0xF422,0xF422,0xF422,0xF422,0xF422,0xF422,0xF422,0xF422,0xF422,0xF422,0xFC42,
  0xE3C2,0x4962,0xB302,0x28E2,0xE3E2,0xFC42,0xF422,0xF422,0xF422,0xFC22,0xEBE2,0x18A2,
  0x0042,0x1082,0x1082,0x3922,0xC342,0x4142,0x0862,0x20C2,0xDBC2,0x20C2,0x0862,0xBB22,
  0x28E2,0x0862,0x1082,0x1082,0x1082,0x1082,0x1082,0x1082,0x1082,0x1082,0x1082,0x1082,
  0x1082,0x1082,0x1082,0x1082,0x1082,0x1082,0x1082,0xDBA2,0xFC22,0x28E2,0x0862,0x1082,
  0x1082,0x1082,0x1082,0x1082,0x1082,0x1082,0x1082,0x1082,0x1082,0x1082,0x1082,0xD382,
  0xFC42,0x3102,0x0862,0x1082,0x1082,0x1082,0x0862,0xD382,0xFC42,0x3922,0x0862,0x1082,
  0x1082,0x1082,0x1082,0x1082,0x1082,0x1082,0x0862,0xCB62,0xFC62,0x3922,0x0042,0xCB62,
  0xFC62,0x4142,0x0042,0xC362,0xFC62,0x4142,0x0042,0xC362,0xFC82,0x4142,0x0042,0xC342,
  0xFC62,0x4142,0x0042,0xC342,0xFC82,0x4962,0x0042,0xAAE2,0xE3E2,0x5182,0x20C2,0x3102,
  0x20C2,0xC342,0xFC82,0x4962,0x0042,0x1082,0x0042,0xB322,0xFC82,0x5182,0x0862,0x1082,
  0x1082,0x1082,0x1082,0x1082,0x1082,0x1082,0x0042,0xB302,0xFC82,0x69E2,0x20C2,0x3102,
  0x28E2,0x28E2,0x28E2,0x28E2,0x3102,0x18A2,0x0862,0x1082,0x1082,0x1082,0x1082,0x1082,
  0x1082,0x1082,0x1082,0x1082,0x1082,0x1082,0x1082,0x1082,0x1082,0x1082,0x1082,0x1082,
  0x1082,0x1082,0x1082,0x1082,0x1082,0x1082,0x1082,0x1082,0x1082,0x1082,0x1082,0x1082,
  0x1082,0x1082,0x1082,0x1082,0x1082,0x1082,0x1082,0x1082,0x1082,0x1082,0x1082,0x1082,
  0x1082,0x0862,0x18A2,0x3102,0x0842,0x0862,0x1082,0x0862,0x18A2,0x28E2,0x3102,0xDBC2,
  0xFC22,0xF422,0xF422,0xF422,0xF422,0xF422,0xF422,0xF422,0xF422,0xF422,0xF422,0xF422,
  0xF422,0xF422,0xF422,0xF422,0xF422,0xF422,0xF422,0xF422,0xF422,0xF422,0xF422,0xF422,
  0xF422,0xF422,0xF422,0xF422,0xF422,0xF422,0xF422,0xF422,0xF422,0xF422,0xF422,0xF422,
  0xF422,0xF422,0xF422,0xF422,0xF422,0xF422,0xF422,0xF422,0xF422,0xF422,0xF422,0xFC42,
  0xE3C2,0x28E2,0xEBE2,0xE3C2,0xF422,0xFC22,0xF422,0xF422,0xF422,0xF422,0xFC22,0xD382,
  0x20C2,0x0862,0x1082,0x0862,0x3102,0x0862,0x18A2,0xBB42,0x4142,0x1082,0x1082,0x3102,
  0x1082,0x1082,0x1082,0x1082,0x1082,0x1082,0x1082,0x1082,0x1082,0x1082,0x1082,0x1082,
  0x1082,0x1082,0x1082,0x1082,0x1082,0x1082,0x1082,0xDBA2,0xFC22,0x28E2,0x0862,0x1082,
  0x1082,0x1082,0x1082,0x1082,0x1082,0x1082,0x1082,0x1082,0x1082,0x1082,0x1082,0xD382,
  0xFC42,0x3102,0x0862,0x1082,0x1082,0x1082,0x0862,0xCB82,0xFC42,0x3122,0x0862,0x1082,
  0x1082,0x1082,0x1082,0x1082,0x1082,0x1082,0x0862,0xCB62,0xFC62,0x3922,0x0042,0xCB62,
  0xFC62,0x4142,0x0042,0xC362,0xFC62,0x4142,0x0042,0xC362,0xFC62,0x4142,0x0042,0xC342,
  0xFC62,0x4142,0x0042,0xC342,0xFC82,0x4962,0x0022,0xC342,0xFCA2,0x4142,0x0042,0x1082,
  0x0042,0xBB22,0xFC82,0x4962,0x0062,0x1082,0x0842,0xB322,0xFC82,0x4962,0x0042,0x1082,
  0x1082,0x1082,0x1082,0x1082,0x1082,0x1082,0x0042,0xAB02,0xFC82,0x5182,0x0022,0x0862,
  0x0862,0x0862,0x0862,0x0862,0x0862,0x0862,0x1082,0x1082,0x1082,0x1082,0x1082,0x1082,
  0x1082,0x1082,0x1082,0x1082,0x1082,0x1082,0x1082,0x1082,0x1082,0x1082,0x1082,0x1082,
  0x1082,0x1082,0x1082,0x1082,0x1082,0x1082,0x1082,0x1082,0x1082,0x1082,0x1082,0x1082,
  0x1082,0x1082,0x1082,0x1082,0x1082,0x1082,0x1082,0x1082,0x1082,0x1082,0x1082,0x1082,
  0x1082,0x1082,0x0862,0x0862,0x1082,0x1082,0x1082,0x1082,0x1082,0x0042,0x3922,0xFC42,
  0xF422,0xF422,0xF422,0xF422,0xF422,0xF422,0xF422,0xF422,0xF422,0xF422,0xF422,0xF422,
  0xF422,0xF422,0xF422,0xF422,0xF422,0xF422,0xF422,0xF422,0xF422,0xF422,0xF422,0xF422,
  0xF422,0xF422,0xF422,0xF422,0xF422,0xF422,0xF422,0xF422,0xF422,0xF422,0xF422,0xF422,
  0xF422,0xF422,0xF422,0xF422,0xF422,0xF422,0xF422,0xF422,0xF422,0xF422,0xF422,0xFC22,
  0xF422,0xDBC2,0xF422,0xFC42,0xFC22,0xF422,0xF422,0xF422,0xF422,0xF422,0xFC22,0xFC42,
  0xCB82,0x18C2,0x0862,0x1082,0x0862,0x1082,0x1082,0x3102,0x18A2,0xBB22,0x20C2,0x0042,
  0x1082,0x1082,0x1082,0x1082,0x1082,0x1082,0x1082,0x1082,0x1082,0x1082,0x1082,0x1082,
  0x1082,0x1082,0x1082,0x1082,0x1082,0x1082,0x1082,0xDBA2,0xFC22,0x28E2,0x0862,0x1082,
  0x1082,0x1082,0x1082,0x1082,0x1082,0x1082,0x1082,0x1082,0x1082,0xBB22,0xDBC2,0xF402,
  0xFC22,0xDBA2,0xD3A2,0x3102,0x0862,0x1082,0x0862,0xD382,0xFC42,0x3122,0x0862,0x1082,
  0x1082,0x1082,0x1082,0x1082,0x1082,0x1082,0x0862,0xCB62,0xFC62,0x3922,0x0042,0xCB62,
  0xFC62,0x4142,0x0042,0xCB62,0xFC62,0x4142,0x0042,0x28E2,0x28E2,0xB302,0xDBE2,0x51A2,
  0x20E2,0xB302,0xDBE2,0x51A2,0x28E2,0x18A2,0x0862,0x28E2,0x28E2,0xAB02,0xDBC2,0xD3A2,
  0xD3A2,0xF402,0xF422,0xDBC2,0xDBC2,0x4962,0x0042,0xBB22,0xFC82,0x4962,0x0042,0x1082,
  0x1082,0x1082,0x1082,0x1082,0x1082,0x1082,0x0862,0x28E2,0x28E2,0xA2C2,0xDBC2,0xD3A2,
  0xDBA2,0xD3A2,0xDBE2,0x5182,0x0862,0x1082,0x1082,0x1082,0x1082,0x1082,0x1082,0x1082,
  0x1082,0x1082,0x1082,0x1082,0x1082,0x1082,0x1082,0x1082,0x1082,0x1082,0x1082,0x1082,
  0x1082,0x1082,0x1082,0x1082,0x1082,0x1082,0x1082,0x1082,0x1082,0x1082,0x1082,0x1082,
  0x1082,0x1082,0x1082,0x1082,0x1082,0x1082,0x1082,0x1082,0x1082,0x1082,0x1082,0x0862,
  0x3922,0xB322,0x0862,0x1082,0x1082,0x1082,0x1082,0x1082,0x1082,0x1082,0x1082,0x5182,
  0xFC22,0xF422,0xF422,0xF422,0xF422,0xFC22,0xF422,0xF422,0xF422,0xF422,0xF422,0xF422,
  0xF422,0xF422,0xF422,0xF422,0xF422,0xF422,0xF422,0xF422,0xF422,0xF422,0xF422,0xF422,
  0xF422,0xF422,0xF422,0xF422,0xF422,0xF422,0xF422,0xF422,0xF422,0xF422,0xF422,0xF422,
  0xF422,0xF422,0xF422,0xF422,0xF422,0xF422,0xF422,0xF422,0xF422,0xF422,0xF422,0xF422,
  0xFC22,0xFC42,0xFC22,0xF422,0xF422,0xF422,0xF422,0xF422,0xF422,0xF422,0xF422,0xFC22,
  0xF402,0x20C2,0x0862,0x1082,0x1082,0x1082,0x1082,0x0862,0x1082,0x3102,0x1082,0x1082,
  0x1082,0x1082,0x1082,0x1082,0x1082,0x1082,0x1082,0x1082,0x1082,0x1082,0x1082,0x1082,
  0x1082,0x1082,0x1082,0x1082,0x1082,0x1082,0x1082,0xDBA2,0xFC22,0x28E2,0x0862,0x1082,
  0x1082,0x1082,0x1082,0x1082,0x1082,0x1082,0x1082,0x1082,0x1082,0xDBA2,0xFC62,0xF422,
  0xF422,0xFC42,0xFC42,0x3922,0x0862,0x1082,0x0862,0xCB82,0xFC42,0x3122,0x0862,0x1082,
  0x1082,0x1082,0x1082,0x1082,0x1082,0x1082,0x0862,0xCB62,0xFC62,0x3922,0x0042,0xCB62,
  0xFC62,0x3942,0x0042,0xC362,0xFC62,0x4142,0x0862,0x0862,0x0042,0xC362,0xFCA2,0x4142,
  0x0002,0xC362,0xFCA2,0x4142,0x0022,0x1082,0x1082,0x0862,0x0022,0xC342,0xFC62,0xFC42,
  0xFC42,0xFC22,0xF422,0xFC22,0xFC62,0x5182,0x0022,0xBB22,0xFC82,0x4962,0x0042,0x1082,
  0x1082,0x1082,0x1082,0x1082,0x1082,0x1082,0x1082,0x0862,0x0022,0xB302,0xFC82,0xFC42,
  0xFC42,0xFC42,0xFC82,0x59A2,0x0042,0x1082,0x1082,0x1082,0x1082,0x1082,0x1082,0x1082,
  0x1082,0x1082,0x1082,0x1082,0x1082,0x1082,0x1082,0x1082,0x1082,0x1082,0x1082,0x1082,
  0x1082,0x1082,0x1082,0x1082,0x1082,0x1082,0x1082,0x1082,0x1082,0x1082,0x1082,0x1082,
  0x1082,0x1082,0x1082,0x1082,0x1082,0x1082,0x1082,0x1082,0x1082,0x1082,0x1082,0x0862,
  0x18A2,0x3102,0x1082,0x1082,0x1082,0x1082,0x1082,0x1082,0x1082,0x0862,0x28E2,0xD3A2,
  0xFC22,0xF422,0xF422,0xFC22,0xFC22,0xFC22,0xF422,0xF422,0xF422,0xF422,0xF422,0xF422,
  0xF422,0xF422,0xF422,0xF422,0xF422,0xF422,0xF422,0xF422,0xF422,0xF422,0xF422,0xF422,
  0xF422,0xF422,0xF422,0xF422,0xF422,0xF422,0xF422,0xF422,0xF422,0xF422,0xF422,0xF422,
  0xF422,0xF422,0xF422,0xF422,0xF422,0xF422,0xF422,0xF422,0xF422,0xF422,0xF422,0xF422,
  0xF422,0xF422,0xF422,0xF422,0xF422,0xF422,0xFC22,0xFC22,0xFC22,0xFC22,0xF422,0xFC22,
  0xEBE2,0x20C2,0x0862,0x1082,0x1082,0x1082,0x1082,0x1082,0x1082,0x0862,0x1082,0x1082,
  0x1082,0x1082,0x1082,0x1082,0x1082,0x1082,0x1082,0x1082,0x1082,0x1082,0x1082,0x1082,
  0x1082,0x1082,0x1082,0x1082,0x1082,0x1082,0x1082,0x3102,0x3102,0x1082,0x1082,0x1082,
  0x1082,0x1082,0x1082,0x1082,0x1082,0x1082,0x1082,0x1082,0x1082,0x28E2,0x3102,0x3102,
  0x3102,0x3102,0x3102,0x1082,0x1082,0x1082,0x1082,0x28E2,0x3102,0x1082,0x1082,0x1082,
  0x1082,0x1082,0x1082,0x1082,0x1082,0x1082,0x1082,0x28E2,0x3102,0x18A2,0x0862,0x28E2,
  0x3102,0x18A2,0x0862,0x28E2,0x3102,0x18A2,0x1062,0x1082,0x1082,0x28E2,0x3102,0x18A2,
  0x1082,0x28E2,0x3102,0x18A2,0x1082,0x1082,0x1082,0x1082,0x1082,0x28E2,0x3102,0x3102,
  0x3102,0x3102,0x3102,0x3102,0x3102,0x18A2,0x0862,0x28E2,0x3122,0x18A2,0x0862,0x1082,
  0x1082,0x1082,0x1082,0x1082,0x1082,0x1082,0x1082,0x1082,0x1082,0x28E2,0x3102,0x3102,
  0x3102,0x3102,0x3102,0x18A2,0x0862,0x1082,0x1082,0x1082,0x1082,0x1082,0x1082,0x1082,
  0x1082,0x1082,0x1082,0x1082,0x1082,0x1082,0x1082,0x1082,0x1082,0x1082,0x1082,0x1082,
  0x1082,0x1082,0x1082,0x1082,0x1082,0x1082,0x1082,0x1082,0x1082,0x1082,0x1082,0x1082,
  0x1082,0x1082,0x1082,0x1082,0x1082,0x1082,0x1082,0x1082,0x1082,0x1082,0x1082,0x1082,
  0x0862,0x0862,0x1082,0x1082,0x1082,0x1082,0x1082,0x1082,0x1082,0x0862,0x3922,0xFC42,
  0xF422,0xF422,0xF422,0xFC42,0xD382,0x5182,0xF422,0xF422,0xF422,0xFC22,0xFC22,0xF422,
  0xF422,0xF422,0xF422,0xF422,0xF422,0xF422,0xF422,0xF422,0xF422,0xF422,0xF422,0xF422,
  0xF422,0xF422,0xF422,0xF422,0xF422,0xF422,0xF422,0xF422,0xF422,0xF422,0xF422,0xF422,
  0xF422,0xF422,0xF422,0xF422,0xF422,0xF422,0xF422,0xF422,0xF422,0xF422,0xF422,0xF422,
  0xF422,0xF422,0xF422,0xFC22,0xF422,0xF422,0xFC22,0xFC22,0xFC22,0xFC22,0xF422,0xF422,
  0xFC22,0xCB62,0x18A2,0x0862,0x1082,0x1082,0x1082,0x1082,0x1082,0x1082,0x1082,0x1082,
  0x1082,0x1082,0x1082,0x1082,0x1082,0x1082,0x1082,0x1082,0x1082,0x1082,0x1082,0x1082,
  0x1082,0x1082,0x1082,0x1082,0x1082,0x1082,0x1082,0x0862,0x0862,0x1082,0x1082,0x1082,
  0x1082,0x1082,0x1082,0x1082,0x1082,0x1082,0x1082,0x1082,0x1082,0x0862,0x0862,0x0862,
  0x0862,0x0862,0x0862,0x1082,0x1082,0x1082,0x1082,0x0862,0x0862,0x1062,0x1082,0x1082,
  0x1082,0x1082,0x1082,0x1082,0x1082,0x1082,0x1082,0x0862,0x0862,0x1062,0x1082,0x0862,
  0x0862,0x1062,0x1082,0x0862,0x0862,0x1062,0x1082,0x1082,0x1082,0x0862,0x0862,0x1062,
  0x1082,0x0862,0x0862,0x1062,0x1082,0x1082,0x1082,0x1082,0x1082,0x0862,0x0862,0x0862,
  0x0862,0x0862,0x0862,0x0862,0x0862,0x0862,0x1082,0x0862,0x0862,0x0862,0x1082,0x1082,
  0x1082,0x1082,0x1082,0x1082,0x1082,0x1082,0x1082,0x1082,0x1082,0x0862,0x0862,0x0862,
  0x0862,0x0862,0x0862,0x0862,0x1082,0x1082,0x1082,0x1082,0x1082,0x1082,0x1082,0x1082,
  0x1082,0x1082,0x1082,0x1082,0x1082,0x1082,0x1082,0x1082,0x1082,0x1082,0x1082,0x1082,
  0x1082,0x1082,0x1082,0x1082,0x1082,0x1082,0x1082,0x1082,0x1082,0x1082,0x1082,0x1082,
  0x1082,0x1082,0x1082,0x1082,0x1082,0x1082,0x1082,0x1082,0x1082,0x1082,0x1082,0x1082,
  0x1082,0x1082,0x1082,0x1082,0x1082,0x1082,0x1082,0x1082,0x0862,0x2902,0xDBA2,0xF422,
  0xF422,0xF422,0xF422,0xFC42,0xCB62,0x28E2,0xFC22,0xFC22,0xFC22,0xFC22,0xFC22,0xFC22,
  0xF422,0xF422,0xF422,0xF422,0xF422,0xF422,0xF422,0xF422,0xF422,0xF422,0xF422,0xF422,
  0xF422,0xFC22,0xF422,0xF422,0xF422,0xF422,0xF422,0xF422,0xF422,0xF422,0xF422,0xF422,
  0xF422,0xF422,0xF422,0xF422,0xF422,0xF422,0xF422,0xF422,0xF422,0xF422,0xF422,0xF422,
  0xF422,0xF422,0xFC22,0xFC22,0xFC22,0xEBE2,0x4142,0x3102,0x3102,0x4162,0xDBA2,0x5182,
  0xE3E2,0xFC62,0xCB62,0x18A2,0x0862,0x1082,0x1082,0x1082,0x1082,0x1082,0x1082,0x1082,
  0x1082,0x1082,0x1082,0x1082,0x1082,0x1082,0x1082,0x1082,0x1082,0x1082,0x1082,0x1082,
  0x1082,0x1082,0x1082,0x1082,0x1082,0x1082,0x1082,0x1082,0x1082,0x1082,0x1082,0x1082,
  0x1082,0x1082,0x1082,0x1082,0x1082,0x1082,0x1082,0x1082,0x1082,0x1082,0x1082,0x1082,
  0x1082,0x1082,0x1082,0x1082,0x1082,0x1082,0x1082,0x1082,0x1082,0x1082,0x1082,0x1082,
  0x1082,0x1082,0x1082,0x1082,0x1082,0x1082,0x1082,0x1082,0x1082,0x1082,0x1082,0x1082,
  0x1082,0x1082,0x1082,0x1082,0x1082,0x1082,0x1082,0x1082,0x1082,0x1082,0x1082,0x1082,
  0x1082,0x1082,0x1082,0x1082,0x1082,0x1082,0x1082,0x1082,0x1082,0x1082,0x1082,0x1082,
  0x1082,0x1082,0x1082,0x1082,0x1082,0x1082,0x1082,0x1082,0x1082,0x1082,0x1082,0x1082,
  0x1082,0x1082,0x1082,0x1082,0x1082,0x1082,0x1082,0x1082,0x1082,0x1082,0x1082,0x1082,
  0x1082,0x1082,0x1082,0x1082,0x1082,0x1082,0x1082,0x1082,0x1082,0x1082,0x1082,0x1082,
  0x1082,0x1082,0x1082,0x1082,0x1082,0x1082,0x1082,0x1082,0x1082,0x1082,0x1082,0x1082,
  0x1082,0x1082,0x1082,0x1082,0x1082,0x1082,0x1082,0x1082,0x1082,0x1082,0x1082,0x1082,
  0x1082,0x1082,0x1082,0x1082,0x1082,0x1082,0x1082,0x1082,0x1082,0x1082,0x1082,0x1082,
  0x1082,0x1082,0x1082,0x1082,0x1082,0x1082,0x1082,0x0862,0x3102,0xDBA2,0xFC42,0xF422,
  0xF422,0xF422,0xF422,0xF422,0xFC22,0xB302,0x59A2,0xDBA2,0x3922,0x3102,0x2902,0x5182,
  0xF422,0xF422,0xF422,0xF422,0xFC22,0xFC22,0xFC22,0xF422,0xF422,0xF422,0xF422,0xF422,
  0xFC22,0xFC22,0xFC22,0xF422,0xF422,0xF422,0xF422,0xF422,0xF422,0xF422,0xF422,0xF422,
  0xF422,0xF422,0xF422,0xF422,0xF422,0xFC22,0xFC22,0xF422,0xF422,0xF422,0xF422,0xFC22,
  0xFC42,0xEC02,0x3922,0x4142,0xDBA2,0x4982,0xC342,0xC342,0x1082,0x0042,0x3922,0xC362,
  0xF422,0xF422,0xFC42,0xCB62,0x20A2,0x0862,0x1082,0x1082,0x1082,0x1082,0x1082,0x1082,
  0x1082,0x1082,0x1082,0x1082,0x1082,0x1082,0x1082,0x1082,0x1082,0x1082,0x1082,0x1082,
  0x1082,0x1082,0x1082,0x1082,0x1082,0x1082,0x1082,0x1082,0x1082,0x1082,0x1082,0x1082,
  0x1082,0x1082,0x1082,0x1082,0x1082,0x1082,0x1082,0x1082,0x1082,0x1082,0x1082,0x1082,
  0x1082,0x1082,0x1082,0x1082,0x1082,0x1082,0x1082,0x1082,0x1082,0x1082,0x1082,0x1082,
  0x1082,0x1082,0x1082,0x1082,0x1082,0x1082,0x1082,0x1082,0x1082,0x1082,0x1082,0x1082,
  0x1082,0x1082,0x1082,0x1082,0x1082,0x1082,0x1082,0x1082,0x1082,0x1082,0x1082,0x1082,
  0x1082,0x1082,0x1082,0x1082,0x1082,0x1082,0x1082,0x1082,0x1082,0x1082,0x1082,0x1082,
  0x1082,0x1082,0x1082,0x1082,0x1082,0x1082,0x1082,0x1082,0x1082,0x1082,0x1082,0x1082,
  0x1082,0x1082,0x1082,0x1082,0x1082,0x1082,0x1082,0x1082,0x1082,0x1082,0x1082,0x1082,
  0x1082,0x1082,0x1082,0x1082,0x1082,0x1082,0x1082,0x1082,0x1082,0x1082,0x1082,0x1082,
  0x1082,0x1082,0x1082,0x1082,0x1082,0x1082,0x1082,0x1082,0x1082,0x1082,0x1082,0x1082,
  0x1082,0x1082,0x1082,0x1082,0x1082,0x1082,0x1082,0x1082,0x1082,0x1082,0x1082,0x1082,
  0x1082,0x1082,0x1082,0x1082,0x1082,0x1082,0x1082,0x1082,0x1082,0x1082,0x1082,0x1082,
  0x1082,0x1082,0x1082,0x1082,0x1082,0x1082,0x1082,0x0862,0x3922,0xFC42,0xF422,0xF422,
  0xF422,0xF422,0xFC42,0xDBA2,0x3102,0x59A2,0xB322,0x28E2,0x20C2,0xCB82,0xAB02,0x0862,
  0x5182,0xFC22,0xFC22,0xF422,0xFC42,0xDBA2,0x5182,0xF422,0xFC22,0xF422,0xF422,0xFC42,
  0xDBC2,0x5182,0xF402,0xFC22,0xF422,0xF422,0xF422,0xF422,0xF422,0xF422,0xF422,0xF422,
  0xF422,0xF422,0xFC22,0xFC42,0xE3E2,0x3922,0x4162,0xF402,0xFC22,0xFC42,0xEBE2,0x4142,
  0x3122,0x3102,0x1882,0xC362,0xEBE2,0x18A2,0x3922,0x3942,0x1082,0x1082,0x0862,0x4962,
  0xEBE2,0xFC22,0xFC22,0xF402,0x20C2,0x0862,0x1082,0x1082,0x1082,0x1082,0x1082,0x1082,
  0x1082,0x1082,0x1082,0x1082,0x1082,0x1082,0x1082,0x1082,0x1082,0x1082,0x1082,0x1082,
  0x1082,0x1082,0x1082,0x1082,0x1082,0x1082,0x1082,0x1082,0x1082,0x1082,0x1082,0x1082,
  0x1082,0x1082,0x1082,0x1082,0x1082,0x1082,0x1082,0x1082,0x1082,0x1082,0x1082,0x1082,
  0x1082,0x1082,0x1082,0x1082,0x1082,0x1082,0x1082,0x1082,0x1082,0x1082,0x1082,0x1082,
  0x1082,0x1082,0x1082,0x1082,0x1082,0x1082,0x1082,0x1082,0x1082,0x1082,0x1082,0x1082,
  0x1082,0x1082,0x1082,0x1082,0x1082,0x1082,0x1082,0x1082,0x1082,0x1082,0x1082,0x1082,
  0x1082,0x1082,0x1082,0x1082,0x1082,0x1082,0x1082,0x1082,0x1082,0x1082,0x1082,0x1082,
  0x1082,0x1082,0x1082,0x1082,0x1082,0x1082,0x1082,0x1082,0x1082,0x1082,0x1082,0x1082,
  0x1082,0x1082,0x1082,0x1082,0x1082,0x1082,0x1082,0x1082,0x1082,0x1082,0x1082,0x1082,
  0x1082,0x1082,0x1082,0x1082,0x1082,0x1082,0x1082,0x1082,0x1082,0x1082,0x1082,0x1082,
  0x1082,0x1082,0x1082,0x1082,0x1082,0x1082,0x1082,0x1082,0x1082,0x1082,0x1082,0x1082,
  0x1082,0x1082,0x1082,0x1082,0x1082,0x1082,0x1082,0x1082,0x1082,0x1082,0x1082,0x1082,
  0x1082,0x1082,0x1082,0x1082,0x1082,0x1082,0x1082,0x1082,0x1082,0x1082,0x1082,0x1082,
  0x1082,0x1082,0x1082,0x1082,0x1082,0x1082,0x0862,0x3102,0xD3A2,0xF422,0xF422,0xF422,
  0xF422,0xF422,0xFC22,0xF402,0xC342,0xD3A2,0xDBC2,0x0862,0x18A2,0x4142,0x3922,0x1082,
  0x1082,0x3102,0x59A2,0xDBC2,0x3922,0x3102,0x0862,0x5182,0xF422,0xFC42,0xE3C2,0x3922,
  0x4962,0xCB62,0xF422,0xF422,0xF422,0xF422,0xF422,0xF422,0xF422,0xF422,0xFC22,0xFC22,
  0xFC42,0xE3C2,0x5182,0xF422,0xE3E2,0x1082,0x0862,0x3922,0x3922,0x3922,0x3102,0x0862,
  0x0862,0x0862,0x1082,0x4142,0x3922,0x1082,0x1082,0xAB02,0x20C2,0x0862,0x0862,0x1082,
  0xE3E2,0xFC22,0xFC22,0xEBE2,0x20C2,0x0862,0x1082,0x1082,0x1082,0x1082,0x1082,0x1082,
  0x1082,0x1082,0x1082,0x1082,0x1082,0x1082,0x1082,0x1082,0x1082,0x1082,0x1082,0x1082,
  0x1082,0x1082,0x1082,0x1082,0x1082,0x1082,0x1082,0x1082,0x1082,0x1082,0x1082,0x1082,
  0x1082,0x1082,0x1082,0x1082,0x1082,0x1082,0x1082,0x1082,0x1082,0x1082,0x1082,0x1082,
  0x1082,0x1082,0x1082,0x1082,0x1082,0x1082,0x1082,0x1082,0x1082,0x1082,0x1082,0x1082,
  0x1082,0x1082,0x1082,0x1082,0x1082,0x1082,0x1082,0x1082,0x1082,0x1082,0x1082,0x1082,
  0x1082,0x1082,0x1082,0x1082,0x1082,0x1082,0x1082,0x1082,0x1082,0x1082,0x1082,0x1082,
  0x1082,0x1082,0x1082,0x1082,0x1082,0x1082,0x1082,0x1082,0x1082,0x1082,0x1082,0x1082,
  0x1082,0x1082,0x1082,0x1082,0x1082,0x1082,0x1082,0x1082,0x1082,0x1082,0x1082,0x1082,
  0x1082,0x1082,0x1082,0x1082,0x1082,0x1082,0x1082,0x1082,0x1082,0x1082,0x1082,0x1082,
  0x1082,0x1082,0x1082,0x1082,0x1082,0x1082,0x1082,0x1082,0x1082,0x1082,0x1082,0x1082,
  0x1082,0x1082,0x1082,0x1082,0x1082,0x1082,0x1082,0x1082,0x1082,0x1082,0x1082,0x1082,
  0x1082,0x1082,0x1082,0x1082,0x1082,0x1082,0x1082,0x1082,0x1082,0x1082,0x1082,0x1082,
  0x1082,0x1082,0x1082,0x1082,0x1082,0x1082,0x1082,0x1082,0x1082,0x1082,0x1082,0x1082,
  0x1082,0x1082,0x1082,0x1082,0x1082,0x1082,0x0862,0x3122,0xFC42,0xF422,0xF422,0xF422,
  0xF422,0xF422,0xF422,0xF422,0xFC62,0xE3C2,0x28E2,0x0862,0x0862,0x0042,0x0842,0x1082,
  0x1082,0x0042,0x0862,0x5182,0xAB02,0x0862,0x0862,0x0862,0x3922,0x3922,0x3102,0x0862,
  0x0862,0x59A2,0xF402,0xFC22,0xF422,0xF422,0xF422,0xF422,0xF422,0xFC42,0xEBE2,0x4142,
  0x3922,0x3102,0x0862,0x3922,0x3922,0x1082,0x1082,0x0862,0x0862,0x0862,0x0042,0x1082,
  0x1082,0x1082,0x1082,0x0042,0x0862,0x1082,0x1882,0x3922,0x1082,0x1082,0x0862,0x20C2,
  0xE3E2,0xFC22,0xF422,0xFC22,0xCB62,0x20C2,0x0862,0x1082,0x1082,0x1082,0x1082,0x1082,
  0x1082,0x1082,0x1082,0x1082,0x1082,0x1082,0x1082,0x1082,0x1082,0x1082,0x1082,0x1082,
  0x1082,0x1082,0x1082,0x1082,0x1082,0x1082,0x1082,0x1082,0x1082,0x1082,0x1082,0x1082,
  0x1082,0x1082,0x1082,0x1082,0x1082,0x1082,0x1082,0x1082,0x1082,0x1082,0x1082,0x1082,
  0x1082,0x1082,0x1082,0x1082,0x1082,0x1082,0x1082,0x1082,0x1082,0x1082,0x1082,0x1082,
  0x1082,0x1082,0x1082,0x1082,0x1082,0x1082,0x1082,0x1082,0x1082,0x1082,0x1082,0x1082,
  0x1082,0x1082,0x1082,0x1082,0x1082,0x1082,0x1082,0x1082,0x1082,0x1082,0x1082,0x1082,
  0x1082,0x1082,0x1082,0x1082,0x1082,0x1082,0x1082,0x1082,0x1082,0x1082,0x1082,0x1082,
  0x1082,0x1082,0x1082,0x1082,0x1082,0x1082,0x1082,0x1082,0x1082,0x1082,0x1082,0x1082,
  0x1082,0x1082,0x1082,0x1082,0x1082,0x1082,0x1082,0x1082,0x1082,0x1082,0x1082,0x1082,
  0x1082,0x1082,0x1082,0x1082,0x1082,0x1082,0x1082,0x1082,0x1082,0x1082,0x1082,0x1082,
  0x1082,0x1082,0x1082,0x1082,0x1082,0x1082,0x1082,0x1082,0x1082,0x1082,0x1082,0x1082,
  0x1082,0x1082,0x1082,0x1082,0x1082,0x1082,0x1082,0x1082,0x1082,0x1082,0x1082,0x1082,
  0x1082,0x1082,0x1082,0x1082,0x1082,0x1082,0x1082,0x1082,0x1082,0x1082,0x1082,0x1082,
  0x1082,0x1082,0x1082,0x1082,0x1082,0x0862,0x28E2,0xD3A2,0xF422,0xF422,0xF422,0xF422,
  0xF422,0xF422,0xF422,0xF422,0xF422,0xEC02,0xCB62,0xD3A2,0xB322,0x1082,0x1082,0x1082,
  0x1082,0x1082,0x0862,0x1082,0x3922,0x0862,0x0862,0x1082,0x0862,0x0842,0x0862,0x1082,
  0x0862,0x20C2,0xF422,0xFC22,0xFC22,0xFC22,0xF422,0xF422,0xFC42,0xE3E2,0x3922,0x0042,
  0x0042,0x0862,0x1082,0x0042,0x0862,0x1082,0x1082,0x1082,0x0862,0x20C2,0xBB22,0x18A2,
  0x18A2,0xB302,0x18A2,0x1082,0x1082,0x1082,0x1082,0x0842,0x1082,0x1082,0x0862,0x18A2,
  0xEBE2,0xFC22,0xF422,0xFC42,0xF402,0x20C2,0x0862,0x1082,0x1082,0x1082,0x1082,0x1082,
  0x1082,0x1082,0x1082,0x1082,0x1082,0x1082,0x1082,0x1082,0x1082,0x1082,0x1082,0x1082,
  0x1082,0x1082,0x1082,0x1082,0x1082,0x1082,0x1082,0x1082,0x1082,0x1082,0x1082,0x1082,
  0x1082,0x1082,0x1082,0x1082,0x1082,0x1082,0x1082,0x1082,0x1082,0x1082,0x1082,0x1082,
  0x1082,0x1082,0x1082,0x1082,0x1082,0x1082,0x1082,0x1082,0x1082,0x1082,0x1082,0x1082,
  0x1082,0x1082,0x1082,0x1082,0x1082,0x1082,0x1082,0x1082,0x1082,0x1082,0x1082,0x1082,
  0x1082,0x1082,0x1082,0x1082,0x1082,0x1082,0x1082,0x1082,0x1082,0x1082,0x1082,0x1082,
  0x1082,0x1082,0x1082,0x1082,0x1082,0x1082,0x1082,0x1082,0x1082,0x1082,0x1082,0x1082,
  0x1082,0x1082,0x1082,0x1082,0x1082,0x1082,0x1082,0x1082,0x1082,0x1082,0x1082,0x1082,
  0x1082,0x1082,0x1082,0x1082,0x1082,0x1082,0x1082,0x1082,0x1082,0x1082,0x1082,0x1082,
  0x1082,0x1082,0x1082,0x1082,0x1082,0x1082,0x1082,0x1082,0x1082,0x1082,0x1082,0x1082,
  0x1082,0x1082,0x1082,0x1082,0x1082,0x1082,0x1082,0x1082,0x1082,0x1082,0x1082,0x1082,
  0x1082,0x1082,0x1082,0x1082,0x1082,0x1082,0x1082,0x1082,0x1082,0x1082,0x1082,0x1082,
  0x1082,0x1082,0x1082,0x1082,0x1082,0x1082,0x1082,0x1082,0x1082,0x1082,0x1082,0x1082,
  0x1082,0x1082,0x1082,0x1082,0x0862,0x28E2,0xDBA2,0xFC42,0xF422,0xF422,0xF422,0xF422,
  0xF422,0xF422,0xF422,0xF422,0xFC42,0xDBA2,0x4142,0x4162,0x3922,0x0862,0x1082,0x1082,
  0x1082,0x1082,0x1082,0x0862,0x18C2,0xD382,0xBB22,0x1082,0x1082,0x1082,0x1082,0x1082,
  0x1082,0x1082,0x59A2,0xDBA2,0x5182,0xF402,0xFC22,0xF422,0xFC22,0xF402,0xC362,0xD382,
  0xBB42,0x1082,0x20C2,0xB322,0x18A2,0x0042,0x18A2,0xC342,0xCB82,0xC342,0x4142,0x18A2,
  0xCB82,0xF402,0x18A2,0x0862,0x1082,0x1082,0x1082,0x1082,0x1082,0x1082,0x1082,0x1082,
  0x4142,0xEBE2,0xFC22,0xF422,0xF422,0xC362,0x20C2,0x0862,0x1082,0x1082,0x1082,0x1082,
  0x1082,0x1082,0x1082,0x1082,0x1082,0x1082,0x1082,0x1082,0x1082,0x1082,0x1082,0x1082,
  0x1082,0x1082,0x1082,0x1082,0x1082,0x1082,0x1082,0x1082,0x1082,0x1082,0x1082,0x1082,
  0x1082,0x1082,0x1082,0x1082,0x1082,0x1082,0x1082,0x1082,0x1082,0x1082,0x1082,0x1082,
  0x1082,0x1082,0x1082,0x1082,0x1082,0x1082,0x1082,0x1082,0x1082,0x1082,0x1082,0x1082,
  0x1082,0x1082,0x1082,0x1082,0x1082,0x1082,0x1082,0x1082,0x1082,0x1082,0x1082,0x1082,
  0x1082,0x1082,0x1082,0x1082,0x1082,0x1082,0x1082,0x1082,0x1082,0x1082,0x1082,0x1082,
  0x1082,0x1082,0x1082,0x1082,0x1082,0x1082,0x1082,0x1082,0x1082,0x1082,0x1082,0x1082,
  0x1082,0x1082,0x1082,0x1082,0x1082,0x1082,0x1082,0x1082,0x1082,0x1082,0x1082,0x1082,
  0x1082,0x1082,0x1082,0x1082,0x1082,0x1082,0x1082,0x1082,0x1082,0x1082,0x1082,0x1082,
  0x1082,0x1082,0x1082,0x1082,0x1082,0x1082,0x1082,0x1082,0x1082,0x1082,0x1082,0x1082,
  0x1082,0x1082,0x1082,0x1082,0x1082,0x1082,0x1082,0x1082,0x1082,0x1082,0x1082,0x1082,
  0x1082,0x1082,0x1082,0x1082,0x1082,0x1082,0x1082,0x1082,0x1082,0x1082,0x1082,0x1082,
  0x1082,0x1082,0x1082,0x1082,0x1082,0x1082,0x1082,0x1082,0x1082,0x1082,0x1082,0x1082,
  0x1082,0x1082,0x1082,0x0862,0x3102,0xD3A2,0xFC42,0xF422,0xF422,0xF422,0xF422,0xF422,
  0xF422,0xF422,0xF422,0xF422,0xF422,0xF422,0x9AA2,0x20C2,0xC362,0xB302,0x0862,0x1082,
  0x1082,0x1082,0x1082,0x1082,0x18A2,0x4962,0x4142,0x1082,0x1082,0x1082,0x0862,0x1082,
  0x1082,0x0862,0x20C2,0xEBE2,0xCB62,0xF422,0xFC22,0xF422,0xF422,0xFC22,0xFC42,0xFC62,
  0xEC02,0x1082,0x20C2,0xF402,0xD382,0xCB62,0xD382,0xFC42,0xFC42,0xFC22,0xC362,0xC342,
  0x4962,0x3122,0x1082,0x1082,0x1082,0x1082,0x1082,0x1082,0x1082,0x1082,0x1082,0x0862,
  0x1082,0xE3E2,0xFC22,0xF422,0xFC42,0xF402,0x20C2,0x0862,0x1082,0x1082,0x1082,0x1082,
  0x1082,0x1082,0x1082,0x1082,0x1082,0x1082,0x1082,0x1082,0x1082,0x1082,0x1082,0x1082,
  0x1082,0x1082,0x1082,0x1082,0x1082,0x1082,0x1082,0x1082,0x1082,0x1082,0x1082,0x1082,
  0x1082,0x1082,0x1082,0x1082,0x1082,0x1082,0x1082,0x1082,0x1082,0x1082,0x1082,0x1082,
  0x1082,0x1082,0x1082,0x1082,0x1082,0x1082,0x1082,0x1082,0x1082,0x1082,0x1082,0x1082,
  0x1082,0x1082,0x1082,0x1082,0x1082,0x1082,0x1082,0x1082,0x1082,0x1082,0x1082,0x1082,
  0x1082,0x1082,0x1082,0x1082,0x1082,0x1082,0x1082,0x1082,0x1082,0x1082,0x1082,0x1082,
  0x1082,0x1082,0x1082,0x1082,0x1082,0x1082,0x1082,0x1082,0x1082,0x1082,0x1082,0x1082,
  0x1082,0x1082,0x1082,0x1082,0x1082,0x1082,0x1082,0x1082,0x1082,0x1082,0x1082,0x1082,
  0x1082,0x1082,0x1082,0x1082,0x1082,0x1082,0x1082,0x1082,0x1082,0x1082,0x1082,0x1082,
  0x1082,0x1082,0x1082,0x1082,0x1082,0x1082,0x1082,0x1082,0x1082,0x1082,0x1082,0x1082,
  0x1082,0x1082,0x1082,0x1082,0x1082,0x1082,0x1082,0x1082,0x1082,0x1082,0x1082,0x1082,
  0x1082,0x1082,0x1082,0x1082,0x1082,0x1082,0x1082,0x1082,0x1082,0x1082,0x1082,0x1082,
  0x1082,0x1082,0x1082,0x1082,0x1082,0x1082,0x1082,0x1082,0x1082,0x1082,0x1082,0x1082,
  0x1082,0x1082,0x1082,0x0842,0x3922,0xFC42,0xF422,0xF422,0xF422,0xF422,0xF422,0xF422,
  0xF422,0xF422,0xF422,0xFC22,0xF422,0xFC62,0xDBC2,0x3102,0xFC42,0xFC42,0xAB02,0x1082,
  0x1082,0x1082,0x1082,0x1082,0x1062,0x0042,0x0042,0x1082,0x0862,0x28E2,0xB322,0x1082,
  0x0862,0x0042,0x28E2,0xF402,0xFC62,0xF422,0xF422,0xF422,0xF422,0xF422,0xF422,0xFC42,
  0xDBA2,0x28E2,0xC342,0xF422,0xFC42,0xFC42,0xFC42,0xF422,0xF402,0xFC42,0xF422,0x61C2,
  0xAAE2,0x1082,0x0862,0x1082,0x1082,0x1082,0x1082,0x1082,0x1082,0x1082,0x0862,0x18A2,
  0xC362,0xFC22,0xF422,0xF422,0xFC22,0xEBE2,0x18C2,0x0862,0x1082,0x1082,0x1082,0x1082,
  0x1082,0x1082,0x1082,0x1082,0x1082,0x1082,0x1082,0x1082,0x1082,0x1082,0x1082,0x1082,
  0x1082,0x1082,0x1082,0x1082,0x1082,0x1082,0x1082,0x1082,0x1082,0x1082,0x1082,0x1082,
  0x1082,0x1082,0x1082,0x1082,0x1082,0x1082,0x1082,0x1082,0x1082,0x1082,0x1082,0x1082,
  0x1082,0x1082,0x1082,0x1082,0x1082,0x1082,0x1082,0x1082,0x1082,0x1082,0x1082,0x1082,
  0x1082,0x1082,0x1082,0x1082,0x1082,0x1082,0x1082,0x1082,0x1082,0x1082,0x1082,0x1082,
  0x1082,0x1082,0x1082,0x1082,0x1082,0x1082,0x1082,0x1082,0x1082,0x1082,0x1082,0x1082,
  0x1082,0x1082,0x1082,0x1082,0x1082,0x1082,0x1082,0x1082,0x1082,0x1082,0x1082,0x1082,
  0x1082,0x1082,0x1082,0x1082,0x1082,0x1082,0x1082,0x1082,0x1082,0x1082,0x1082,0x1082,
  0x1082,0x1082,0x1082,0x1082,0x1082,0x1082,0x1082,0x1082,0x1082,0x1082,0x1082,0x1082,
  0x1082,0x1082,0x1082,0x1082,0x1082,0x1082,0x1082,0x1082,0x1082,0x1082,0x1082,0x1082,
  0x1082,0x1082,0x1082,0x1082,0x1082,0x1082,0x1082,0x1082,0x1082,0x1082,0x1082,0x1082,
  0x1082,0x1082,0x1082,0x1082,0x1082,0x1082,0x1082,0x1082,0x1082,0x1082,0x1082,0x1082,
  0x1082,0x1082,0x1082,0x1082,0x1082,0x1082,0x1082,0x1082,0x1082,0x1082,0x1082,0x1082,
  0x1082,0x1082,0x0862,0x28E2,0xD382,0xF422,0xF422,0xF422,0xF422,0xF422,0xF422,0xF422,
  0xF422,0xF422,0xF422,0xF422,0xFC42,0xD3A2,0x4962,0xCB82,0xF422,0xFC62,0xE3E2,0x1082,
  0x1082,0x1082,0x1082,0x1082,0x1082,0x1082,0x1082,0x1082,0x0862,0x18A2,0x3922,0x28E2,
  0xCB62,0xC362,0xCB82,0xF422,0xF422,0xF422,0xF422,0xF422,0xF422,0xF422,0xF422,0xFC42,
  0xDBA2,0x28E2,0xF402,0xFC22,0xF422,0xFC22,0xF422,0xFC22,0xEC02,0x4962,0x3102,0x0882,
  0x4142,0x18A2,0x1082,0x1082,0x1082,0x1082,0x1082,0x1082,0x1082,0x1082,0x1082,0x1082,
  0x5182,0xEBE2,0xFC22,0xF422,0xF422,0xF422,0xC342,0x20C2,0x0862,0x1082,0x1082,0x1082,
  0x1082,0x1082,0x1082,0x1082,0x1082,0x1082,0x1082,0x1082,0x1082,0x1082,0x1082,0x1082,
  0x1082,0x1082,0x1082,0x1082,0x1082,0x1082,0x1082,0x1082,0x1082,0x1082,0x1082,0x1082,
  0x1082,0x1082,0x1082,0x1082,0x1082,0x1082,0x1082,0x1082,0x1082,0x1082,0x1082,0x1082,
  0x1082,0x1082,0x1082,0x1082,0x1082,0x1082,0x1082,0x1082,0x1082,0x1082,0x1082,0x1082,
  0x1082,0x1082,0x1082,0x1082,0x1082,0x1082,0x1082,0x1082,0x1082,0x1082,0x1082,0x1082,
  0x1082,0x1082,0x1082,0x1082,0x1082,0x1082,0x1082,0x1082,0x1082,0x1082,0x1082,0x1082,
  0x1082,0x1082,0x1082,0x1082,0x1082,0x1082,0x1082,0x1082,0x1082,0x1082,0x1082,0x1082,
  0x1082,0x1082,0x1082,0x1082,0x1082,0x1082,0x1082,0x1082,0x1082,0x1082,0x1082,0x1082,
  0x1082,0x1082,0x1082,0x1082,0x1082,0x1082,0x1082,0x1082,0x1082,0x1082,0x1082,0x1082,
  0x1082,0x1082,0x1082,0x1082,0x1082,0x1082,0x1082,0x1082,0x1082,0x1082,0x1082,0x1082,
  0x1082,0x1082,0x1082,0x1082,0x1082,0x1082,0x1082,0x1082,0x1082,0x1082,0x1082,0x1082,
  0x1082,0x1082,0x1082,0x1082,0x1082,0x1082,0x1082,0x1082,0x1082,0x1082,0x1082,0x1082,
  0x1082,0x1082,0x1082,0x1082,0x1082,0x1082,0x1082,0x1082,0x1082,0x1082,0x1082,0x1082,
  0x1082,0x0862,0x28E2,0xD3A2,0xFC42,0xF422,0xF422,0xFC22,0xFC42,0xF422,0xF422,0xF422,
  0xF422,0xF422,0xF422,0xF422,0xFC22,0xEBE2,0xCB62,0xFC82,0xDBA2,0x3922,0x3102,0x1082,
  0x1082,0x1082,0x1082,0x1082,0x1082,0x1082,0x1082,0x1082,0x1082,0x1062,0x0042,0x1082,
  0x61C2,0xFC62,0xFC62,0xF422,0xF422,0xF422,0xF422,0xF422,0xF422,0xF422,0xF422,0xFC22,
  0xF402,0xCB82,0xF402,0xFC42,0xEBE2,0x59A2,0xEC02,0xF402,0x4142,0x0042,0x0862,0x1082,
  0x0042,0x1082,0x1082,0x1082,0x1082,0x1082,0x1082,0x1082,0x1082,0x1082,0x1082,0x0042,
  0x0862,0xE3E2,0xFC22,0xF422,0xF422,0xFC42,0xF402,0x20C2,0x0862,0x1082,0x1082,0x1082,
  0x1082,0x1082,0x1082,0x1082,0x1082,0x1082,0x1082,0x1082,0x1082,0x1082,0x1082,0x1082,
  0x1082,0x1082,0x1082,0x1082,0x1082,0x1082,0x1082,0x1082,0x1082,0x1082,0x1082,0x1082,
  0x1082,0x1082,0x1082,0x1082,0x1082,0x1082,0x1082,0x1082,0x1082,0x1082,0x1082,0x1082,
  0x1082,0x1082,0x1082,0x1082,0x1082,0x1082,0x1082,0x1082,0x1082,0x1082,0x1082,0x1082,
  0x1082,0x1082,0x1082,0x1082,0x1082,0x1082,0x1082,0x1082,0x1082,0x1082,0x1082,0x1082,
  0x1082,0x1082,0x1082,0x1082,0x1082,0x1082,0x1082,0x1082,0x1082,0x1082,0x1082,0x1082,
  0x1082,0x1082,0x1082,0x1082,0x1082,0x1082,0x1082,0x1082,0x1082,0x1082,0x1082,0x1082,
  0x1082,0x1082,0x1082,0x1082,0x1082,0x1082,0x1082,0x1082,0x1082,0x1082,0x1082,0x1082,
  0x1082,0x1082,0x1082,0x1082,0x1082,0x1082,0x1082,0x1082,0x1082,0x1082,0x1082,0x1082,
  0x1082,0x1082,0x1082,0x1082,0x1082,0x1082,0x1082,0x1082,0x1082,0x1082,0x1082,0x1082,
  0x1082,0x1082,0x1082,0x1082,0x1082,0x1082,0x1082,0x1082,0x1082,0x1082,0x1082,0x1082,
  0x1082,0x1082,0x1082,0x1082,0x1082,0x1082,0x1082,0x1082,0x1082,0x1082,0x1082,0x1082,
  0x1082,0x1082,0x1082,0x1082,0x1082,0x1082,0x1082,0x1082,0x1082,0x1082,0x1082,0x1082,
  0x0862,0x3102,0xD3A2,0xFC42,0xF422,0xF422,0xFC42,0xCB82,0x59A2,0xFC22,0xF422,0xF422,
  0xF422,0xF422,0xF422,0xFC22,0xF422,0xFC42,0xDBC2,0x51A2,0xEC02,0xC362,0xAAE2,0x0862,
  0x0862,0x1082,0x1082,0x1082,0x1082,0x1082,0x1082,0x1082,0x1082,0x1082,0x1082,0x0042,
  0x0862,0x3922,0x51A2,0xFC22,0xFC22,0xFC22,0xFC42,0xFC22,0xF422,0xF422,0xF422,0xF422,
  0xF422,0xFC62,0xEC02,0x4962,0x3102,0x20C2,0xE3C2,0x4962,0x0042,0x1082,0x1082,0x1082,
  0x1082,0x1082,0x1082,0x1082,0x1082,0x1082,0x1082,0x1082,0x1082,0x0862,0x18A2,0xBB22,
  0xCB82,0xF402,0xFC22,0xF422,0xF422,0xF422,0xF422,0xC342,0x20C2,0x0862,0x1082,0x1082,
  0x1082,0x1082,0x1082,0x1082,0x1082,0x1082,0x1082,0x1082,0x1082,0x1082,0x1082,0x1082,
  0x1082,0x1082,0x1082,0x1082,0x1082,0x1082,0x1082,0x1082,0x1082,0x1082,0x1082,0x1082,
  0x1082,0x1082,0x1082,0x1082,0x1082,0x1082,0x1082,0x1082,0x1082,0x1082,0x1082,0x1082,
  0x1082,0x1082,0x1082,0x1082,0x1082,0x1082,0x1082,0x1082,0x1082,0x1082,0x1082,0x1082,
  0x1082,0x1082,0x1082,0x1082,0x1082,0x1082,0x1082,0x1082,0x1082,0x1082,0x1082,0x1082,
  0x1082,0x1082,0x1082,0x1082,0x1082,0x1082,0x1082,0x1082,0x1082,0x1082,0x1082,0x1082,
  0x1082,0x1082,0x1082,0x1082,0x1082,0x1082,0x1082,0x1082,0x1082,0x1082,0x1082,0x1082,
  0x1082,0x1082,0x1082,0x1082,0x1082,0x1082,0x1082,0x1082,0x1082,0x1082,0x1082,0x1082,
  0x1082,0x1082,0x1082,0x1082,0x1082,0x1082,0x1082,0x1082,0x1082,0x1082,0x1082,0x1082,
  0x1082,0x1082,0x1082,0x1082,0x1082,0x1082,0x1082,0x1082,0x1082,0x1082,0x1082,0x1082,
  0x1082,0x1082,0x1082,0x1082,0x1082,0x1082,0x1082,0x1082,0x1082,0x1082,0x1082,0x1082,
  0x1082,0x1082,0x1082,0x1082,0x1082,0x1082,0x1082,0x1082,0x1082,0x1082,0x1082,0x1082,
  0x1082,0x1082,0x1082,0x1082,0x1082,0x1082,0x1082,0x1082,0x1082,0x1082,0x1082,0x1082,
  0x0862,0x3942,0xFC42,0xF422,0xF422,0xF422,0xFC22,0xEBE2,0xC342,0xFC22,0xF422,0xF422,
  0xF422,0xF422,0xF422,0xF422,0xF422,0xFC22,0xEBE2,0xC342,0xFC42,0xE3E2,0x59A2,0xCB62,
  0xAAE2,0x0862,0x0862,0x1082,0x1082,0x1082,0x1082,0x1082,0x1082,0x0862,0x28E2,0xB302,
  0x18A2,0x0042,0x0042,0x5182,0xF422,0xDBC2,0x5182,0xF402,0xFC22,0xF422,0xF422,0xF422,
  0xFC22,0xE3E2,0x4142,0x0042,0x0042,0x18A2,0x3922,0x0862,0x1082,0x1082,0x1082,0x1082,
  0x1082,0x1082,0x1082,0x1082,0x1082,0x1082,0x1082,0x1082,0x1082,0x0862,0x20C2,0xF402,
  0xFC62,0xF422,0xF422,0xF422,0xF422,0xF422,0xFC22,0xF422,0x20C2,0x0862,0x1082,0x1082,
  0x1082,0x1082,0x1082,0x1082,0x1082,0x1082,0x1082,0x1082,0x1082,0x1082,0x1082,0x1082,
  0x1082,0x1082,0x1082,0x1082,0x1082,0x1082,0x1082,0x1082,0x1082,0x1082,0x1082,0x1082,
  0x1082,0x1082,0x1082,0x1082,0x1082,0x1082,0x1082,0x1082,0x1082,0x1082,0x1082,0x1082,
  0x1082,0x1082,0x1082,0x1082,0x1082,0x1082,0x1082,0x1082,0x1082,0x1082,0x1082,0x1082,
  0x1082,0x1082,0x1082,0x1082,0x1082,0x1082,0x1082,0x1082,0x1082,0x1082,0x1082,0x1082,
  0x1082,0x1082,0x1082,0x1082,0x1082,0x1082,0x1082,0x1082,0x1082,0x1082,0x1082,0x1082,
  0x1082,0x1082,0x1082,0x1082,0x1082,0x1082,0x1082,0x1082,0x1082,0x1082,0x1082,0x1082,
  0x1082,0x1082,0x1082,0x1082,0x1082,0x1082,0x1082,0x1082,0x1082,0x1082,0x1082,0x1082,
  0x1082,0x1082,0x1082,0x1082,0x1082,0x1082,0x1082,0x1082,0x1082,0x1082,0x1082,0x1082,
  0x1082,0x1082,0x1082,0x1082,0x1082,0x1082,0x1082,0x1082,0x1082,0x1082,0x1082,0x1082,
  0x1082,0x1082,0x1082,0x1082,0x1082,0x1082,0x1082,0x1082,0x1082,0x1082,0x1082,0x1082,
  0x1082,0x1082,0x1082,0x1082,0x1082,0x1082,0x1082,0x1082,0x1082,0x1082,0x1082,0x1082,
  0x1082,0x1082,0x1082,0x1082,0x1082,0x1082,0x1082,0x1082,0x1082,0x1082,0x1082,0x1082,
  0x0042,0x3102,0xFC22,0xFC42,0xF422,0xFC22,0xF422,0xFC22,0xFC42,0xF422,0xF422,0xF422,
  0xF422,0xF422,0xF422,0xF422,0xFC22,0xF422,0xFC22,0xFC42,0xFC22,0xEBE2,0xC342,0xFC42,
  0xFC22,0xCB62,0xAAE2,0x0862,0x0042,0x0862,0x1082,0x1082,0x1082,0x1082,0x18A2,0x4962,
  0x0862,0x2902,0xAAE2,0x28E2,0xFC22,0xFC22,0xC342,0xF422,0xFC22,0xF422,0xF422,0xF422,
  0xFC42,0xDBA2,0x20C2,0xAAE2,0x10A2,0x0862,0x0862,0x1082,0x1082,0x1082,0x1082,0x1082,
  0x1082,0x1082,0x1082,0x1082,0x1082,0x1082,0x1082,0x1082,0x1082,0x0862,0x20C2,0xE3E2,
  0xFC22,0xF422,0xF422,0xF422,0xFC22,0xFC42,0xFC42,0xEBE2,0x20C2,0x0862,0x1082,0x1082,
  0x1082,0x1082,0x1082,0x1082,0x1082,0x1082,0x1082,0x1082,0x1082,0x1082,0x1082,0x1082,
  0x1082,0x1082,0x1082,0x1082,0x1082,0x1082,0x1082,0x1082,0x1082,0x1082,0x1082,0x1082,
  0x1082,0x1082,0x1082,0x1082,0x1082,0x1082,0x1082,0x1082,0x1082,0x1082,0x1082,0x1082,
  0x1082,0x1082,0x1082,0x1082,0x1082,0x1082,0x1082,0x1082,0x1082,0x1082,0x1082,0x1082,
  0x1082,0x1082,0x1082,0x1082,0x1082,0x1082,0x1082,0x1082,0x1082,0x1082,0x1082,0x1082,
  0x1082,0x1082,0x1082,0x1082,0x1082,0x1082,0x1082,0x1082,0x1082,0x1082,0x1082,0x1082,
  0x1082,0x1082,0x1082,0x1082,0x1082,0x1082,0x1082,0x1082,0x1082,0x1082,0x1082,0x1082,
  0x1082,0x1082,0x1082,0x1082,0x1082,0x1082,0x1082,0x1082,0x1082,0x1082,0x1082,0x1082,
  0x1082,0x1082,0x1082,0x1082,0x1082,0x1082,0x1082,0x1082,0x1082,0x1082,0x1082,0x1082,
  0x1082,0x1082,0x1082,0x1082,0x1082,0x1082,0x1082,0x1082,0x1082,0x1082,0x1082,0x1082,
  0x1082,0x1082,0x1082,0x1082,0x1082,0x1082,0x1082,0x1082,0x1082,0x1082,0x1082,0x1082,
  0x1082,0x1082,0x1082,0x1082,0x1082,0x1082,0x1082,0x1082,0x1082,0x1082,0x1082,0x1082,
  0x1082,0x1082,0x1082,0x1082,0x1082,0x1082,0x1082,0x1082,0x1082,0x1082,0x1082,0x0862,
  0x2902,0xD3A2,0xCB82,0x59A2,0xFC22,0xF422,0xF422,0xF422,0xF422,0xF422,0xF422,0xF422,
  0xF422,0xF422,0xF422,0xF422,0xF422,0xF422,0xF422,0xF422,0xF422,0xFC22,0xFC62,0xF422,
  0xF422,0xFC62,0xFC22,0xC342,0xD382,0xB302,0x0862,0x0862,0x0862,0x0862,0x1082,0x0842,
  0x0862,0x18A2,0x4162,0x18A2,0x4142,0x59A2,0xFC42,0xFC22,0xF422,0xFC42,0xFC22,0xF422,
  0xFC42,0xDBA2,0x28E2,0xF422,0xBB22,0x0862,0x1082,0x1082,0x1082,0x1082,0x1082,0x1082,
  0x1082,0x1082,0x1082,0x1082,0x1082,0x1082,0x1082,0x1082,0x1082,0x0862,0x18A2,0xE3E2,
  0xFC22,0xF422,0xF422,0xFC22,0xEBE2,0x5182,0xE3E2,0xF402,0x20C2,0x0862,0x1082,0x1082,
  0x1082,0x1082,0x1082,0x1082,0x1082,0x1082,0x1082,0x1082,0x1082,0x1082,0x1082,0x1082,
  0x1082,0x1082,0x1082,0x1082,0x1082,0x1082,0x1082,0x1082,0x1082,0x1082,0x1082,0x1082,
  0x1082,0x1082,0x1082,0x1082,0x1082,0x1082,0x1082,0x1082,0x1082,0x1082,0x1082,0x1082,
  0x1082,0x1082,0x1082,0x1082,0x1082,0x1082,0x1082,0x1082,0x1082,0x1082,0x1082,0x1082,
  0x1082,0x1082,0x1082,0x1082,0x1082,0x1082,0x1082,0x1082,0x1082,0x1082,0x1082,0x1082,
  0x1082,0x1082,0x1082,0x1082,0x1082,0x1082,0x1082,0x1082,0x1082,0x1082,0x1082,0x1082,
  0x1082,0x1082,0x1082,0x1082,0x1082,0x1082,0x1082,0x1082,0x1082,0x1082,0x1082,0x1082,
  0x1082,0x1082,0x1082,0x1082,0x1082,0x1082,0x1082,0x1082,0x1082,0x1082,0x1082,0x1082,
  0x1082,0x1082,0x1082,0x1082,0x1082,0x1082,0x1082,0x1082,0x1082,0x1082,0x1082,0x1082,
  0x1082,0x1082,0x1082,0x1082,0x1082,0x1082,0x1082,0x1082,0x1082,0x1082,0x1082,0x1082,
  0x1082,0x1082,0x1082,0x1082,0x1082,0x1082,0x1082,0x1082,0x1082,0x1082,0x1082,0x1082,
  0x1082,0x1082,0x1082,0x1082,0x1082,0x1082,0x1082,0x1082,0x1082,0x1082,0x1082,0x1082,
  0x1082,0x1082,0x1082,0x1082,0x1082,0x1082,0x1082,0x1082,0x1082,0x1082,0x1082,0x0042,
  0x3102,0xFC62,0xEBE2,0xC342,0xFC22,0xF422,0xF422,0xF422,0xF422,0xF422,0xF422,0xF422,
  0xF422,0xF422,0xF422,0xF422,0xF422,0xF422,0xF422,0xF422,0xFC42,0xD3A2,0x59A2,0xF422,
  0xFC22,0xF402,0xFC42,0xEBE2,0x4162,0x59A2,0xC342,0xC342,0xC362,0xAAE2,0x0862,0x0862,
  0x1082,0x1082,0x0042,0x1082,0x0042,0x20C2,0xF422,0xFC62,0xDBC2,0x59C2,0xEC02,0xFC22,
  0xF422,0xEC02,0xCB62,0xF422,0xFC42,0xBB42,0x18A2,0x0882,0x1082,0x1082,0x1082,0x1082,
  0x1082,0x1082,0x1082,0x1082,0x1082,0x1082,0x1082,0x1082,0x0862,0x1082,0xBB22,0xF422,
  0xF422,0xF422,0xF422,0xF422,0xFC42,0xCB62,0xF422,0xEC02,0x18A2,0x0862,0x1082,0x1082,
  0x1082,0x1082,0x1082,0x1082,0x1082,0x1082,0x1082,0x1082,0x1082,0x1082,0x1082,0x1082,
  0x1082,0x1082,0x1082,0x1082,0x1082,0x1082,0x1082,0x1082,0x1082,0x1082,0x1082,0x1082,
  0x1082,0x1082,0x1082,0x1082,0x1082,0x1082,0x1082,0x1082,0x1082,0x1082,0x1082,0x1082,
  0x1082,0x1082,0x1082,0x1082,0x1082,0x1082,0x1082,0x1082,0x1082,0x1082,0x1082,0x1082,
  0x1082,0x1082,0x1082,0x1082,0x1082,0x1082,0x1082,0x1082,0x1082,0x1082,0x1082,0x1082,
  0x1082,0x1082,0x1082,0x1082,0x1082,0x1082,0x1082,0x1082,0x1082,0x1082,0x1082,0x1082,
  0x1082,0x1082,0x1082,0x1082,0x1082,0x1082,0x1082,0x1082,0x1082,0x1082,0x1082,0x1082,
  0x1082,0x1082,0x1082,0x1082,0x1082,0x1082,0x1082,0x1082,0x1082,0x1082,0x1082,0x1082,
  0x1082,0x1082,0x1082,0x1082,0x1082,0x1082,0x1082,0x1082,0x1082,0x1082,0x1082,0x1082,
  0x1082,0x1082,0x1082,0x1082,0x1082,0x1082,0x1082,0x1082,0x1082,0x1082,0x1082,0x1082,
  0x1082,0x1082,0x1082,0x1082,0x1082,0x1082,0x1082,0x1082,0x1082,0x1082,0x1082,0x1082,
  0x1082,0x1082,0x1082,0x1082,0x1082,0x1082,0x1082,0x1082,0x1082,0x1082,0x1082,0x1082,
  0x1082,0x1082,0x1082,0x1082,0x1082,0x1082,0x1082,0x1082,0x1082,0x1082,0x0862,0x3102,
  0xD3A2,0xF422,0xFC22,0xFC42,0xF422,0xF422,0xF422,0xF422,0xF422,0xF422,0xF422,0xF422,
  0xF422,0xF422,0xF422,0xF422,0xF422,0xF422,0xF422,0xF422,0xFC22,0xEBE2,0xBB42,0xF422,
  0xFC22,0xF422,0xFC22,0xF422,0xB302,0xBB22,0xFC42,0xFC42,0xFC62,0xFC22,0xC362,0xAAE2,
  0x1082,0x0862,0x1082,0x1082,0x1082,0x18A2,0x4142,0x61C2,0xDBA2,0x28E2,0xF422,0xFC22,
  0xF422,0xFC42,0xFC42,0xFC22,0xE3E2,0x5182,0x1082,0x1082,0x1082,0x1082,0x1082,0x1082,
  0x1082,0x1082,0x1082,0x1082,0x1082,0x1082,0x1082,0x0862,0x18A2,0xC342,0xFC42,0xFC22,
  0xF422,0xF422,0xFC42,0xF422,0x4962,0x4982,0xEBE2,0xFC22,0xBB22,0x18A2,0x0862,0x1082,
  0x1082,0x1082,0x1082,0x1082,0x1082,0x1082,0x1082,0x1082,0x1082,0x1082,0x1082,0x1082,
  0x1082,0x1082,0x1082,0x1082,0x1082,0x1082,0x1082,0x1082,0x1082,0x1082,0x1082,0x1082,
  0x1082,0x1082,0x1082,0x1082,0x1082,0x1082,0x1082,0x1082,0x1082,0x1082,0x1082,0x1082,
  0x1082,0x1082,0x1082,0x1082,0x1082,0x1082,0x1082,0x1082,0x1082,0x1082,0x1082,0x1082,
  0x1082,0x1082,0x1082,0x1082,0x1082,0x1082,0x1082,0x1082,0x1082,0x1082,0x1082,0x1082,
  0x1082,0x1082,0x1082,0x1082,0x1082,0x1082,0x1082,0x1082,0x1082,0x1082,0x1082,0x1082,
  0x1082,0x1082,0x1082,0x1082,0x1082,0x1082,0x1082,0x1082,0x1082,0x1082,0x1082,0x1082,
  0x1082,0x1082,0x1082,0x1082,0x1082,0x1082,0x1082,0x1082,0x1082,0x1082,0x1082,0x1082,
  0x1082,0x1082,0x1082,0x1082,0x1082,0x1082,0x1082,0x1082,0x1082,0x1082,0x1082,0x1082,
  0x1082,0x1082,0x1082,0x1082,0x1082,0x1082,0x1082,0x1082,0x1082,0x1082,0x1082,0x1082,
  0x1082,0x1082,0x1082,0x1082,0x1082,0x1082,0x1082,0x1082,0x1082,0x1082,0x1082,0x1082,
  0x1082,0x1082,0x1082,0x1082,0x1082,0x1082,0x1082,0x1082,0x1082,0x1082,0x1082,0x1082,
  0x1082,0x1082,0x1082,0x1082,0x1082,0x1082,0x1082,0x1082,0x1082,0x1082,0x1082,0x1082,
  0x69E2,0xFC22,0xF422,0xF422,0xF422,0xF422,0xF422,0xF422,0xF422,0xF422,0xF422,0xF422,
  0xF422,0xF422,0xF422,0xF422,0xF422,0xF422,0xF422,0xFC22,0xF422,0xFC22,0xFC42,0xFC22,
  0xF422,0xFC42,0xE3E2,0x61C2,0xFC62,0xFC82,0xF402,0xF422,0xF422,0xF422,0xFC62,0xDBC2,
  0x20E2,0xA2C2,0x18A2,0x0862,0x1082,0x1082,0x0042,0x0862,0x4142,0x18A2,0x51A2,0xF422,
  0xE3C2,0x61C2,0xF402,0xFC42,0xEBE2,0x1062,0x0862,0x1082,0x1082,0x1082,0x1082,0x1082,
  0x1082,0x1082,0x1082,0x1082,0x1082,0x1082,0x1082,0x1082,0x1082,0x59A2,0xEBE2,0xFC22,
  0xFC42,0xEC02,0x5182,0x4962,0xAAE2,0xC342,0xF402,0xFC42,0xF422,0x20C2,0x0862,0x1082,
  0x1082,0x1082,0x1082,0x1082,0x1082,0x1082,0x1082,0x1082,0x1082,0x1082,0x1082,0x1082,
  0x1082,0x1082,0x1082,0x1082,0x1082,0x1082,0x1082,0x1082,0x1082,0x1082,0x1082,0x1082,
  0x1082,0x1082,0x1082,0x1082,0x1082,0x1082,0x1082,0x1082,0x1082,0x1082,0x1082,0x1082,
  0x1082,0x1082,0x1082,0x1082,0x1082,0x1082,0x1082,0x1082,0x1082,0x1082,0x1082,0x1082,
  0x1082,0x1082,0x1082,0x1082,0x1082,0x1082,0x1082,0x1082,0x1082,0x1082,0x1082,0x1082,
  0x1082,0x1082,0x1082,0x1082,0x1082,0x1082,0x1082,0x1082,0x1082,0x1082,0x1082,0x1082,
  0x1082,0x1082,0x1082,0x1082,0x1082,0x1082,0x1082,0x1082,0x1082,0x1082,0x1082,0x1082,
  0x1082,0x1082,0x1082,0x1082,0x1082,0x1082,0x1082,0x1082,0x1082,0x1082,0x1082,0x1082,
  0x1082,0x1082,0x1082,0x1082,0x1082,0x1082,0x1082,0x1082,0x1082,0x1082,0x1082,0x1082,
  0x1082,0x1082,0x1082,0x1082,0x1082,0x1082,0x1082,0x1082,0x1082,0x1082,0x1082,0x1082,
  0x1082,0x1082,0x1082,0x1082,0x1082,0x1082,0x1082,0x1082,0x1082,0x1082,0x1082,0x1082,
  0x1082,0x1082,0x1082,0x1082,0x1082,0x1082,0x1082,0x1082,0x1082,0x1082,0x1082,0x1082,
  0x1082,0x1082,0x1082,0x1082,0x1082,0x1082,0x1082,0x1082,0x1082,0x1082,0x0862,0x28E2,
  0xC342,0xFC22,0xF422,0xF422,0xF422,0xF422,0xF422,0xF422,0xF422,0xF422,0xF422,0xF422,
  0xF422,0xF422,0xF422,0xF422,0xF422,0xF422,0xF422,0xF422,0xF422,0xF422,0xF422,0xF422,
  0xFC42,0xE3C2,0x3102,0x28E2,0xD382,0x59A2,0xFC42,0xFC22,0xF422,0xF422,0xF422,0xEBE2,
  0xCB82,0xE3E2,0x0862,0x0862,0x1082,0x1082,0x1082,0x1082,0x0862,0x0862,0x18A2,0xF422,
  0xEBE2,0x1082,0x59A2,0xEC02,0x4982,0x1082,0x1082,0x1082,0x1082,0x1082,0x1082,0x1082,
  0x1082,0x1082,0x1082,0x1082,0x1082,0x1082,0x1082,0x1082,0x0862,0x0862,0xEBE2,0xEC02,
  0x59A2,0xE3C2,0x18A2,0x1082,0xEC02,0x69E2,0xE3C2,0xFC42,0xEBE2,0x20C2,0x0862,0x1082,
  0x1082,0x1082,0x1082,0x1082,0x1082,0x1082,0x1082,0x1082,0x1082,0x1082,0x1082,0x1082,
  0x1082,0x1082,0x1082,0x1082,0x1082,0x1082,0x1082,0x1082,0x1082,0x1082,0x1082,0x1082,
  0x1082,0x1082,0x1082,0x1082,0x1082,0x1082,0x1082,0x1082,0x1082,0x1082,0x1082,0x1082,
  0x1082,0x1082,0x1082,0x1082,0x1082,0x1082,0x1082,0x1082,0x1082,0x1082,0x1082,0x1082,
  0x1082,0x1082,0x1082,0x1082,0x1082,0x1082,0x1082,0x1082,0x1082,0x1082,0x1082,0x1082,
  0x1082,0x1082,0x1082,0x1082,0x1082,0x1082,0x1082,0x1082,0x1082,0x1082,0x1082,0x1082,
  0x1082,0x1082,0x1082,0x1082,0x1082,0x1082,0x1082,0x1082,0x1082,0x1082,0x1082,0x1082,
  0x1082,0x1082,0x1082,0x1082,0x1082,0x1082,0x1082,0x1082,0x1082,0x1082,0x1082,0x1082,
  0x1082,0x1082,0x1082,0x1082,0x1082,0x1082,0x1082,0x1082,0x1082,0x1082,0x1082,0x1082,
  0x1082,0x1082,0x1082,0x1082,0x1082,0x1082,0x1082,0x1082,0x1082,0x1082,0x1082,0x1082,
  0x1082,0x1082,0x1082,0x1082,0x1082,0x1082,0x1082,0x1082,0x1082,0x1082,0x1082,0x1082,
  0x1082,0x1082,0x1082,0x1082,0x1082,0x1082,0x1082,0x1082,0x1082,0x1082,0x1082,0x1082,
  0x1082,0x1082,0x1082,0x1082,0x1082,0x1082,0x1082,0x1082,0x1082,0x1082,0x0862,0x4142,
  0xFC62,0xF422,0xF422,0xF422,0xF422,0xF422,0xF422,0xF422,0xF422,0xF422,0xF422,0xF422,
  0xF422,0xF422,0xF422,0xF422,0xF422,0xF422,0xF422,0xF422,0xF422,0xF422,0xF422,0xF422,
  0xF422,0xF422,0x9282,0x3102,0xFC22,0xAAE2,0x59A2,0xF422,0xFC22,0xF422,0xF422,0xFC22,
  0xFC42,0xF402,0xAAE2,0x1082,0x0042,0x1082,0x1082,0x1082,0x10A2,0x0862,0x3102,0xEBE2,
  0x4982,0x0062,0x0882,0x4142,0x0862,0x1062,0x1082,0x1082,0x1082,0x1082,0x1082,0x1082,
  0x1082,0x1082,0x1082,0x1082,0x1082,0x1082,0x1082,0x0862,0x18A2,0xB322,0xF422,0xF402,
  0xAB02,0x4982,0x1082,0x0862,0x4962,0xB322,0xF402,0xFC22,0xEC02,0x18A2,0x0862,0x1082,
  0x1082,0x1082,0x1082,0x1082,0x1082,0x1082,0x1082,0x1082,0x1082,0x1082,0x1082,0x1082,
  0x1082,0x1082,0x1082,0x1082,0x1082,0x1082,0x1082,0x1082,0x1082,0x1082,0x1082,0x1082,
  0x1082,0x1082,0x1082,0x1082,0x1082,0x1082,0x1082,0x1082,0x1082,0x1082,0x1082,0x1082,
  0x1082,0x1082,0x1082,0x1082,0x1082,0x1082,0x1082,0x1082,0x1082,0x1082,0x1082,0x1082,
  0x1082,0x1082,0x1082,0x1082,0x1082,0x1082,0x1082,0x1082,0x1082,0x1082,0x1082,0x1082,
  0x1082,0x1082,0x1082,0x1082,0x1082,0x1082,0x1082,0x1082,0x1082,0x1082,0x1082,0x1082,
  0x1082,0x1082,0x1082,0x1082,0x1082,0x1082,0x1082,0x1082,0x1082,0x1082,0x1082,0x1082,
  0x1082,0x1082,0x1082,0x1082,0x1082,0x1082,0x1082,0x1082,0x1082,0x1082,0x1082,0x1082,
  0x1082,0x1082,0x1082,0x1082,0x1082,0x1082,0x1082,0x1082,0x1082,0x1082,0x1082,0x1082,
  0x1082,0x1082,0x1082,0x1082,0x1082,0x1082,0x1082,0x1082,0x1082,0x1082,0x1082,0x1082,
  0x1082,0x1082,0x1082,0x1082,0x1082,0x1082,0x1082,0x1082,0x1082,0x1082,0x1082,0x1082,
  0x1082,0x1082,0x1082,0x1082,0x1082,0x1082,0x1082,0x1082,0x1082,0x1082,0x1082,0x1082,
  0x1082,0x1082,0x1082,0x1082,0x1082,0x1082,0x1082,0x1082,0x1082,0x1082,0x0862,0x3922,
  0xFC22,0xF422,0xF422,0xF422,0xF422,0xF422,0xF422,0xF422,0xF422,0xF422,0xF422,0xF422,
  0xF422,0xF422,0xF422,0xF422,0xF422,0xFC22,0xFC42,0xF422,0xF422,0xF422,0xF422,0xFC22,
  0xF422,0xFC62,0xEC02,0x18A2,0x4962,0x59A2,0xB322,0xF422,0xF422,0xF422,0xF422,0xF422,
  0xF402,0xFC42,0xE3C2,0x28E2,0xA2C2,0x0882,0x0862,0x0862,0x0042,0x0042,0x18A2,0x3122,
  0x18A2,0xA2C2,0x1082,0x0042,0x1082,0x1082,0x1082,0x0862,0x1082,0x1082,0x1082,0x1082,
  0x1082,0x1082,0x1082,0x1082,0x1082,0x1082,0x1082,0x0862,0x10A2,0xF402,0xFC62,0xFC62,
  0xFC42,0x1082,0x18A2,0xAB02,0x18A2,0x4982,0xEBE2,0xFC22,0xF422,0xBB22,0x18C2,0x0862,
  0x1082,0x1082,0x1082,0x1082,0x1082,0x1082,0x1082,0x1082,0x1082,0x1082,0x1082,0x1082,
  0x1082,0x1082,0x1082,0x1082,0x1082,0x1082,0x1082,0x1082,0x1082,0x1082,0x1082,0x1082,
  0x1082,0x1082,0x1082,0x1082,0x1082,0x1082,0x1082,0x1082,0x1082,0x1082,0x1082,0x1082,
  0x1082,0x1082,0x1082,0x1082,0x1082,0x1082,0x1082,0x1082,0x1082,0x1082,0x1082,0x1082,
  0x1082,0x1082,0x1082,0x1082,0x1082,0x1082,0x1082,0x1082,0x1082,0x1082,0x1082,0x1082,
  0x1082,0x1082,0x1082,0x1082,0x1082,0x1082,0x1082,0x1082,0x1082,0x1082,0x1082,0x1082,
  0x1082,0x1082,0x1082,0x1082,0x1082,0x1082,0x1082,0x1082,0x1082,0x1082,0x1082,0x1082,
  0x1082,0x1082,0x1082,0x1082,0x1082,0x1082,0x1082,0x1082,0x1082,0x1082,0x1082,0x1082,
  0x1082,0x1082,0x1082,0x1082,0x1082,0x1082,0x1082,0x1082,0x1082,0x1082,0x1082,0x1082,
  0x1082,0x1082,0x1082,0x1082,0x1082,0x1082,0x1082,0x1082,0x1082,0x1082,0x1082,0x1082,
  0x1082,0x1082,0x1082,0x1082,0x1082,0x1082,0x1082,0x1082,0x1082,0x1082,0x1082,0x1082,
  0x1082,0x1082,0x1082,0x1082,0x1082,0x1082,0x1082,0x1082,0x1082,0x1082,0x1082,0x1082,
  0x1082,0x1082,0x1082,0x1082,0x1082,0x1082,0x1082,0x1082,0x1082,0x1082,0x0042,0x3102,
  0xFC22,0xF422,0xF422,0xF422,0xF422,0xF422,0xF422,0xF422,0xF422,0xF422,0xF422,0xF422,
  0xF422,0xFC22,0xF422,0xF422,0xFC62,0xDBC2,0x59A2,0xF422,0xF422,0xF422,0xF422,0xF422,
  0xFC42,0xE3C2,0x4162,0x0862,0x18A2,0xB322,0xFC62,0xFC42,0xF422,0xF422,0xF422,0xFC22,
  0xFC42,0xFC42,0xD382,0x3102,0xFC22,0xAAE2,0x28E2,0xB302,0xBB42,0xA2C2,0x20C2,0x9282,
  0x3102,0xF422,0xAB02,0x0862,0x0042,0x0042,0x18A2,0xA2C2,0x1082,0x1082,0x1082,0x1082,
  0x1082,0x1082,0x1082,0x1082,0x1082,0x1082,0x0862,0x18A2,0xB302,0xEBE2,0x59A2,0x4962,
  0x4962,0x1082,0x1082,0x4982,0x20C2,0xA2C2,0xF422,0xF422,0xFC22,0xFC22,0x28E2,0x0862,
  0x1082,0x1082,0x1082,0x1082,0x1082,0x1082,0x1082,0x1082,0x1082,0x1082,0x1082,0x1082,
  0x1082,0x1082,0x1082,0x1082,0x1082,0x1082,0x1082,0x1082,0x1082,0x1082,0x1082,0x1082,
  0x1082,0x1082,0x1082,0x1082,0x1082,0x1082,0x1082,0x1082,0x1082,0x1082,0x1082,0x1082,
  0x1082,0x1082,0x1082,0x1082,0x1082,0x1082,0x1082,0x1082,0x1082,0x1082,0x1082,0x1082,
  0x1082,0x1082,0x1082,0x1082,0x1082,0x1082,0x1082,0x1082,0x1082,0x1082,0x1082,0x1082,
  0x1082,0x1082,0x1082,0x1082,0x1082,0x1082,0x1082,0x1082,0x1082,0x1082,0x1082,0x1082,
  0x1082,0x1082,0x1082,0x1082,0x1082,0x1082,0x1082,0x1082,0x1082,0x1082,0x1082,0x1082,
  0x1082,0x1082,0x1082,0x1082,0x1082,0x1082,0x1082,0x1082,0x1082,0x1082,0x1082,0x1082,
  0x1082,0x1082,0x1082,0x1082,0x1082,0x1082,0x1082,0x1082,0x1082,0x1082,0x1082,0x1082,
  0x1082,0x1082,0x1082,0x1082,0x1082,0x1082,0x1082,0x1082,0x1082,0x1082,0x1082,0x1082,
  0x1082,0x1082,0x1082,0x1082,0x1082,0x1082,0x1082,0x1082,0x1082,0x1082,0x1082,0x1082,
  0x1082,0x1082,0x1082,0x1082,0x1082,0x1082,0x1082,0x1082,0x1082,0x1082,0x1082,0x1082,
  0x1082,0x1082,0x1082,0x1082,0x1082,0x1082,0x1082,0x1082,0x1082,0x0862,0x3102,0xD382,
  0xF422,0xF422,0xF422,0xF422,0xF422,0xF422,0xF422,0xF422,0xF422,0xF422,0xF422,0xF422,
  0xF422,0xF422,0xFC42,0xE3E2,0x4962,0x59A2,0xC342,0xFC42,0xFC42,0xFC42,0xFC42,0xF422,
  0xFC42,0xD3A2,0x0862,0x0042,0x3102,0xFC62,0xE3E2,0x69E2,0xFC42,0xF422,0xFC42,0xDBA2,
  0x59A2,0xFC22,0xD3A2,0x20C2,0xF422,0xE3E2,0x28E2,0xFC22,0xFC62,0xFC22,0xC362,0xE3E2,
  0x3102,0xEBE2,0xFC42,0xBB22,0xBB22,0xB322,0xBB42,0xFC42,0xAB02,0x0862,0x0862,0x1082,
  0x1082,0x1082,0x1082,0x1082,0x1082,0x1082,0x0862,0x1082,0xFC42,0xEBE2,0x0042,0x0002,
  0x0862,0x1082,0x1082,0x0042,0x18A2,0xF402,0xFC42,0xF422,0xFC22,0xEBE2,0x18A2,0x0862,
  0x1082,0x1082,0x1082,0x1082,0x1082,0x1082,0x1082,0x1082,0x1082,0x1082,0x1082,0x1082,
  0x1082,0x1082,0x1082,0x1082,0x1082,0x1082,0x1082,0x1082,0x1082,0x1082,0x1082,0x1082,
  0x1082,0x1082,0x1082,0x1082,0x1082,0x1082,0x1082,0x1082,0x1082,0x1082,0x1082,0x1082,
  0x1082,0x1082,0x1082,0x1082,0x1082,0x1082,0x1082,0x1082,0x1082,0x1082,0x1082,0x1082,
  0x1082,0x1082,0x1082,0x1082,0x1082,0x1082,0x1082,0x1082,0x1082,0x1082,0x1082,0x1082,
  0x1082,0x1082,0x1082,0x1082,0x1082,0x1082,0x1082,0x1082,0x1082,0x1082,0x1082,0x1082,
  0x1082,0x1082,0x1082,0x1082,0x1082,0x1082,0x1082,0x1082,0x1082,0x1082,0x1082,0x1082,
  0x1082,0x1082,0x1082,0x1082,0x1082,0x1082,0x1082,0x1082,0x1082,0x1082,0x1082,0x1082,
  0x1082,0x1082,0x1082,0x1082,0x1082,0x1082,0x1082,0x1082,0x1082,0x1082,0x1082,0x1082,
  0x1082,0x1082,0x1082,0x1082,0x1082,0x1082,0x1082,0x1082,0x1082,0x1082,0x1082,0x1082,
  0x1082,0x1082,0x1082,0x1082,0x1082,0x1082,0x1082,0x1082,0x1082,0x1082,0x1082,0x1082,
  0x1082,0x1082,0x1082,0x1082,0x1082,0x1082,0x1082,0x1082,0x1082,0x1082,0x1082,0x1082,
  0x1082,0x1082,0x1082,0x1082,0x1082,0x1082,0x1082,0x1082,0x1082,0x1082,0x18A2,0x7202,
  0xFC22,0xF422,0xF422,0xF422,0xF422,0xF422,0xF422,0xF422,0xF422,0xF422,0xF422,0xF422,
  0xF422,0xFC42,0xDBC2,0x4162,0x0042,0x1082,0x59A2,0x5182,0x5182,0x4962,0x69E2,0xF422,
  0xFC42,0xCB82,0x28E2,0x9282,0x28E2,0xDBC2,0x4962,0x0042,0x61E2,0xFC42,0xFC22,0xF422,
  0xBB42,0xF422,0xFC22,0xC342,0xF422,0xEC02,0xC342,0xF402,0xF422,0xF422,0xFCA2,0xE3E2,
  0x3102,0xEBE2,0xFC22,0xFC82,0xFC42,0xFC62,0xFC82,0xF422,0xFC42,0xAAE2,0x18A2,0x0882,
  0x1082,0x1082,0x1082,0x1082,0x1082,0x0862,0x20C2,0xAAE2,0x61C2,0xEC02,0xCB82,0xAAE2,
  0x1082,0x0862,0x1082,0x1082,0x1082,0xE3C2,0xFC42,0xF422,0xF422,0xF422,0xB322,0x18C2,
  0x0862,0x1082,0x1082,0x1082,0x1082,0x1082,0x1082,0x1082,0x1082,0x1082,0x1082,0x1082,
  0x1082,0x1082,0x1082,0x1082,0x1082,0x1082,0x1082,0x1082,0x1082,0x1082,0x1082,0x1082,
  0x1082,0x1082,0x1082,0x1082,0x1082,0x1082,0x1082,0x1082,0x1082,0x1082,0x1082,0x1082,
  0x1082,0x1082,0x1082,0x1082,0x1082,0x1082,0x1082,0x1082,0x1082,0x1082,0x1082,0x1082,
  0x1082,0x1082,0x1082,0x1082,0x1082,0x1082,0x1082,0x1082,0x1082,0x1082,0x1082,0x1082,
  0x1082,0x1082,0x1082,0x1082,0x1082,0x1082,0x1082,0x1082,0x1082,0x1082,0x1082,0x1082,
  0x1082,0x1082,0x1082,0x1082,0x1082,0x1082,0x1082,0x1082,0x1082,0x1082,0x1082,0x1082,
  0x1082,0x1082,0x1082,0x1082,0x1082,0x1082,0x1082,0x1082,0x1082,0x1082,0x1082,0x1082,
  0x1082,0x1082,0x1082,0x1082,0x1082,0x1082,0x1082,0x1082,0x1082,0x1082,0x1082,0x1082,
  0x1082,0x1082,0x1082,0x1082,0x1082,0x1082,0x1082,0x1082,0x1082,0x1082,0x1082,0x1082,
  0x1082,0x1082,0x1082,0x1082,0x1082,0x1082,0x1082,0x1082,0x1082,0x1082,0x1082,0x1082,
  0x1082,0x1082,0x1082,0x1082,0x1082,0x1082,0x1082,0x1082,0x1082,0x1082,0x1082,0x1082,
  0x1082,0x1082,0x1082,0x1082,0x1082,0x1082,0x1082,0x1082,0x1082,0x0862,0x28E2,0xBB22,
  0xFC22,0xF422,0xF422,0xF422,0xF422,0xF422,0xF422,0xF422,0xF422,0xF422,0xF422,0xF422,
  0xF422,0xFC42,0xCB82,0x0022,0x0042,0x0042,0x0042,0x0042,0x0022,0x0022,0x18A2,0xF422,
  0xFC22,0xEBE2,0xC362,0xF422,0xC362,0xCB82,0x18A2,0x9AC2,0x0862,0x69E2,0xEC02,0x5182,
  0x7A22,0xE3E2,0x69E2,0xFC42,0xFC62,0xFC22,0xFC42,0xF422,0xFC42,0xF402,0x59A2,0x4142,
  0x28E2,0xFC42,0xE3E2,0x61C2,0xFC42,0xE3C2,0x61C2,0xEC02,0xFC62,0xFC22,0x18A2,0x0862,
  0x1082,0x1082,0x1082,0x0042,0x1082,0x1082,0x18A2,0x5182,0x1082,0x4962,0x69E2,0xFC42,
  0xC342,0x18A2,0x0862,0x0882,0xAAE2,0xF422,0xF422,0xF422,0xF422,0xFC22,0xFC22,0x20E2,
  0x0862,0x1082,0x1082,0x1082,0x1082,0x1082,0x1082,0x1082,0x1082,0x1082,0x1082,0x1082,
  0x1082,0x1082,0x1082,0x1082,0x1082,0x1082,0x1082,0x1082,0x1082,0x1082,0x1082,0x1082,
  0x1082,0x1082,0x1082,0x1082,0x1082,0x1082,0x1082,0x1082,0x1082,0x1082,0x1082,0x1082,
  0x1082,0x1082,0x1082,0x1082,0x1082,0x1082,0x1082,0x1082,0x1082,0x1082,0x1082,0x1082,
  0x1082,0x1082,0x1082,0x1082,0x1082,0x1082,0x1082,0x1082,0x1082,0x1082,0x1082,0x1082,
  0x1082,0x1082,0x1082,0x1082,0x1082,0x1082,0x1082,0x1082,0x1082,0x1082,0x1082,0x1082,
  0x1082,0x1082,0x1082,0x1082,0x1082,0x1082,0x1082,0x1082,0x1082,0x1082,0x1082,0x1082,
  0x1082,0x1082,0x1082,0x1082,0x1082,0x1082,0x1082,0x1082,0x1082,0x1082,0x1082,0x1082,
  0x1082,0x1082,0x1082,0x1082,0x1082,0x1082,0x1082,0x1082,0x1082,0x1082,0x1082,0x1082,
  0x1082,0x1082,0x1082,0x1082,0x1082,0x1082,0x1082,0x1082,0x1082,0x1082,0x1082,0x1082,
  0x1082,0x1082,0x1082,0x1082,0x1082,0x1082,0x1082,0x1082,0x1082,0x1082,0x1082,0x1082,
  0x1082,0x1082,0x1082,0x1082,0x1082,0x1082,0x1082,0x1082,0x1082,0x1082,0x1082,0x1082,
  0x1082,0x1082,0x1082,0x1082,0x1082,0x1082,0x1082,0x1082,0x1082,0x0862,0x4142,0xFC62,
  0xF422,0xF422,0xF422,0xF422,0xF422,0xF422,0xF422,0xF422,0xF422,0xF422,0xF422,0xF422,
  0xF422,0xFC22,0xEC02,0xBB22,0xCB62,0xAAE2,0x0042,0x3102,0xA2C2,0x18C2,0xCB62,0xFC42,
  0xF422,0xF422,0xFC42,0xF422,0xFC62,0xEBE2,0xCB62,0xE3E2,0x1082,0x1082,0x4962,0x0042,
  0x1082,0x4142,0x28E2,0xD382,0x61C2,0xF402,0xF422,0xFC22,0xE3E2,0x4142,0x0042,0x0042,
  0x1082,0x61E2,0xDBA2,0x1082,0x5182,0xE3C2,0x28E2,0xDBA2,0x59C2,0x4962,0x1082,0x1082,
  0x1082,0x0862,0x20C2,0x9AC2,0x18A2,0x0862,0x1082,0x0042,0x1082,0x0042,0x0042,0x4962,
  0x59A2,0x1082,0x18A2,0xAAE2,0xFC42,0xFC22,0xF422,0xFC22,0xF422,0xFC22,0xEBE2,0x20C2,
  0x0862,0x1082,0x1082,0x1082,0x1082,0x1082,0x1082,0x1082,0x1082,0x1082,0x1082,0x1082,
  0x1082,0x1082,0x1082,0x1082,0x1082,0x1082,0x1082,0x1082,0x1082,0x1082,0x1082,0x1082,
  0x1082,0x1082,0x1082,0x1082,0x1082,0x1082,0x1082,0x1082,0x1082,0x1082,0x1082,0x1082,
  0x1082,0x1082,0x1082,0x1082,0x1082,0x1082,0x1082,0x1082,0x1082,0x1082,0x1082,0x1082,
  0x1082,0x1082,0x1082,0x1082,0x1082,0x1082,0x1082,0x1082,0x1082,0x1082,0x1082,0x1082,
  0x1082,0x1082,0x1082,0x1082,0x1082,0x1082,0x1082,0x1082,0x1082,0x1082,0x1082,0x1082,
  0x1082,0x1082,0x1082,0x1082,0x1082,0x1082,0x1082,0x1082,0x1082,0x1082,0x1082,0x1082,
  0x1082,0x1082,0x1082,0x1082,0x1082,0x1082,0x1082,0x1082,0x1082,0x1082,0x1082,0x1082,
  0x1082,0x1082,0x1082,0x1082,0x1082,0x1082,0x1082,0x1082,0x1082,0x1082,0x1082,0x1082,
  0x1082,0x1082,0x1082,0x1082,0x1082,0x1082,0x1082,0x1082,0x1082,0x1082,0x1082,0x1082,
  0x1082,0x1082,0x1082,0x1082,0x1082,0x1082,0x1082,0x1082,0x1082,0x1082,0x1082,0x1082,
  0x1082,0x1082,0x1082,0x1082,0x1082,0x1082,0x1082,0x1082,0x1082,0x1082,0x1082,0x1082,
  0x1082,0x1082,0x1082,0x1082,0x1082,0x1082,0x1082,0x1082,0x1082,0x0862,0x3922,0xFC22,
  0xF422,0xF422,0xF422,0xF422,0xF422,0xF422,0xF422,0xF422,0xF422,0xF422,0xF422,0xF422,
  0xFC22,0xF422,0xFC42,0xEBE2,0x5182,0x69E2,0x9AA2,0x18A2,0x7202,0xB322,0x59A2,0x69E2,
  0xF422,0xFC62,0xFC42,0xF422,0xF422,0xFC22,0xFC62,0xD3A2,0x0862,0x0042,0x0862,0x1082,
  0x0862,0x0022,0x28E2,0xF402,0xB302,0xF422,0xF422,0xF422,0xF402,0x92A2,0x18A2,0x1082,
  0x0022,0x20C2,0xD382,0x3102,0xA2C2,0x4962,0x20C2,0xE3C2,0x1082,0x0042,0x1082,0x1082,
  0x1082,0x0862,0x28E2,0xF402,0x20C2,0x0862,0x1082,0x1082,0x1082,0x1082,0x1082,0x0042,
  0x0042,0x0862,0x1082,0xFC42,0xFC42,0xF422,0xFC22,0xF422,0xF422,0xFC22,0xEC02,0x20C2,
  0x0862,0x1082,0x1082,0x1082,0x1082,0x1082,0x1082,0x1082,0x1082,0x1082,0x1082,0x1082,
  0x1082,0x1082,0x1082,0x1082,0x1082,0x1082,0x1082,0x1082,0x1082,0x1082,0x1082,0x1082,
  0x1082,0x1082,0x1082,0x1082,0x1082,0x1082,0x1082,0x1082,0x1082,0x1082,0x1082,0x1082,
  0x1082,0x1082,0x1082,0x1082,0x1082,0x1082,0x1082,0x1082,0x1082,0x1082,0x1082,0x1082,
  0x1082,0x1082,0x1082,0x1082,0x1082,0x1082,0x1082,0x1082,0x1082,0x1082,0x1082,0x1082,
  0x1082,0x1082,0x1082,0x1082,0x1082,0x1082,0x1082,0x1082,0x1082,0x1082,0x1082,0x1082,
  0x1082,0x1082,0x1082,0x1082,0x1082,0x1082,0x1082,0x1082,0x1082,0x1082,0x1082,0x1082,
  0x1082,0x1082,0x1082,0x1082,0x1082,0x1082,0x1082,0x1082,0x1082,0x1082,0x1082,0x1082,
  0x1082,0x1082,0x1082,0x1082,0x1082,0x1082,0x1082,0x1082,0x1082,0x1082,0x1082,0x1082,
  0x1082,0x1082,0x1082,0x1082,0x1082,0x1082,0x1082,0x1082,0x1082,0x1082,0x1082,0x1082,
  0x1082,0x1082,0x1082,0x1082,0x1082,0x1082,0x1082,0x1082,0x1082,0x1082,0x1082,0x1082,
  0x1082,0x1082,0x1082,0x1082,0x1082,0x1082,0x1082,0x1082,0x1082,0x1082,0x1082,0x1082,
  0x1082,0x1082,0x1082,0x1082,0x1082,0x1082,0x1082,0x1082,0x1082,0x0862,0x3922,0xFC22,
  0xF422,0xF422,0xF422,0xF422,0xF422,0xF422,0xF422,0xF422,0xF422,0xF422,0xF422,0xF422,
  0xF422,0xF422,0xFC22,0xEBE2,0x9AC2,0xC362,0xE3C2,0x0862,0x1082,0x51A2,0x0022,0x28E2,
  0xEC02,0x5182,0x69E2,0xF402,0xFC22,0xF422,0xF422,0xEBE2,0xB322,0x9AC2,0x0042,0x18A2,
  0x9AA2,0x3102,0x9AA2,0x61C2,0xFC42,0xFC22,0xFC22,0xFC42,0xFC42,0xFC22,0x1082,0x20C2,
  0x9282,0x3922,0xDBC2,0x28E2,0x5182,0x18A2,0xA2C2,0x59A2,0x1082,0x1082,0x1082,0x1082,
  0x1082,0x1062,0x1082,0x4962,0x1082,0x1082,0x1082,0x1082,0x1082,0x1082,0x1082,0x1082,
  0x1082,0x18A2,0x9AC2,0x59A2,0xE3E2,0xFC42,0xF422,0xF422,0xF422,0xFC22,0xEBE2,0x20C2,
  0x0862,0x1082,0x1082,0x1082,0x1082,0x1082,0x1082,0x1082,0x1082,0x1082,0x1082,0x1082,
  0x1082,0x1082,0x1082,0x1082,0x1082,0x1082,0x1082,0x1082,0x1082,0x1082,0x1082,0x1082,
  0x1082,0x1082,0x1082,0x1082,0x1082,0x1082,0x1082,0x1082,0x1082,0x1082,0x1082,0x1082,
  0x1082,0x1082,0x1082,0x1082,0x1082,0x1082,0x1082,0x1082,0x1082,0x1082,0x1082,0x1082,
  0x1082,0x1082,0x1082,0x0020,0x1061,0x1082,0x1082,0x0020,0x0861,0x1082,0x1082,0x1082,
  0x1082,0x1082,0x1082,0x1082,0x1082,0x1082,0x1082,0x0020,0x0861,0x1082,0x1082,0x1082,
  0x1082,0x1082,0x1082,0x1082,0x1082,0x1082,0x1082,0x1082,0x1082,0x0020,0x0861,0x1082,
  0x1082,0x1082,0x1082,0x1082,0x1082,0x1082,0x1082,0x1082,0x1082,0x1082,0x1082,0x1082,
  0x1082,0x1082,0x1082,0x1082,0x0020,0x0000,0x0000,0x0861,0x1082,0x1081,0x1082,0x0820,
  0x0841,0x1082,0x1082,0x1082,0x1082,0x1082,0x1082,0x1082,0x1082,0x1082,0x1082,0x1082,
  0x1082,0x1082,0x1082,0x0820,0x0841,0x1082,0x1082,0x1082,0x1082,0x1082,0x1082,0x1082,
  0x1082,0x1082,0x1082,0x1082,0x1082,0x1082,0x1082,0x1082,0x1082,0x1082,0x1082,0x1082,
  0x1082,0x1082,0x1082,0x1082,0x1082,0x1082,0x1082,0x1082,0x1082,0x0862,0x3922,0xFC22,
  0xF422,0xF422,0xF422,0xF422,0xF422,0xF422,0xF422,0xF422,0xF422,0xF422,0xF422,0xF422,
  0xF422,0xFC22,0xF422,0xFC42,0xE3E2,0x7A22,0xD382,0x1082,0x1082,0x0042,0x1082,0x20C2,
  0x4962,0x0022,0x20C2,0xFC42,0xF422,0xF422,0xF422,0xFC42,0xFC62,0xFC22,0xB302,0xCB82,
  0xDBA2,0x28E2,0xEC02,0xB302,0xF402,0xFC42,0xE3C2,0x7202,0xEC02,0x51A2,0x0862,0x3102,
  0xF402,0x28E2,0x4962,0x1882,0x0022,0x3102,0xEC02,0x0862,0x0862,0x1082,0x1082,0x1082,
  0x1082,0x1082,0x1082,0x0042,0x1082,0x1082,0x1082,0x1082,0x1082,0x1082,0x1082,0x1082,
  0x0862,0x1082,0xEBE2,0xB302,0xEC02,0xFC22,0xF422,0xF422,0xF422,0xFC22,0xFC22,0x20E2,
  0x0862,0x1082,0x1082,0x1082,0x1082,0x1082,0x1082,0x1082,0x1082,0x1082,0x1082,0x1082,
  0x1082,0x1082,0x1082,0x1082,0x1082,0x1082,0x1082,0x1082,0x1082,0x1082,0x1082,0x1082,
  0x1082,0x1082,0x1082,0x1082,0x1082,0x1082,0x1082,0x1082,0x1082,0x1082,0x1082,0x1082,
  0x1082,0x1082,0x1082,0x1082,0x1082,0x1082,0x1082,0x1082,0x1082,0x1082,0x1082,0x1082,
  0x1082,0x1082,0x0861,0x94B2,0x2945,0x0841,0x0000,0x9492,0x39A6,0x0841,0x10A2,0x1082,
  0x1082,0x1082,0x1082,0x1082,0x1082,0x10A2,0x0861,0x9492,0x39C7,0x0841,0x10A2,0x1082,
  0x1082,0x1082,0x1082,0x1082,0x1082,0x1082,0x1082,0x1082,0x0841,0x9471,0x4208,0x0841,
  0x10A2,0x1082,0x1082,0x1082,0x1082,0x1082,0x1082,0x1082,0x1082,0x1082,0x1082,0x1082,
  0x1082,0x1082,0x1082,0x0000,0x8430,0xC618,0xC618,0x39C7,0x0000,0x18C3,0x0841,0x8C51,
  0x4A69,0x0841,0x1082,0x1082,0x1082,0x1082,0x1082,0x1082,0x1082,0x1082,0x1082,0x1082,
  0x1082,0x1082,0x0820,0x8410,0x528A,0x0841,0x10A2,0x1082,0x1082,0x1082,0x1082,0x1082,
  0x1082,0x1082,0x1082,0x1082,0x1082,0x1082,0x1082,0x1082,0x1082,0x1082,0x1082,0x1082,
  0x1082,0x1082,0x1082,0x1082,0x1082,0x1082,0x1082,0x1082,0x1082,0x0862,0x3922,0xFC22,
  0xF422,0xF422,0xF422,0xF422,0xF422,0xF422,0xF422,0xF422,0xF422,0xF422,0xF422,0xF422,
  0xF422,0xF422,0xF422,0xFC22,0xE3C2,0xB322,0xD382,0x0042,0x1082,0x1082,0x0042,0x0042,
  0x0862,0x1082,0x1082,0x61C2,0xFC42,0xFC42,0xEBE2,0x7202,0xFC22,0xFC22,0xE3E2,0x7202,
  0xF402,0xBB22,0xFC42,0xFC62,0xF422,0xFC42,0xDBA2,0x18A2,0x4962,0x0862,0x0862,0x18A2,
  0x3942,0x0042,0x0042,0x0042,0x1082,0x18A2,0x59C2,0xA2C2,0x0862,0x0042,0x1082,0x1082,
  0x1082,0x1082,0x1082,0x1082,0x1082,0x1082,0x1082,0x1082,0x1082,0x1082,0x1082,0x1082,
  0x0862,0xA2E2,0xF402,0xFC62,0xFC22,0xF422,0xFC22,0xF422,0xFC22,0xF402,0x51A2,0x1082,
  0x1082,0x1082,0x1082,0x1082,0x1082,0x1082,0x1082,0x1082,0x1082,0x1082,0x1082,0x1082,
  0x1082,0x1082,0x1082,0x1082,0x1082,0x1082,0x1082,0x1082,0x1082,0x1082,0x1082,0x1082,
  0x1082,0x1082,0x1082,0x1082,0x1082,0x1082,0x1082,0x1082,0x1082,0x1082,0x1082,0x1082,
  0x1082,0x1082,0x1082,0x1082,0x1082,0x1082,0x1082,0x1082,0x1082,0x1082,0x1082,0x1082,
  0x1082,0x1082,0x0861,0xDEDA,0xD69A,0x18E3,0x9471,0xFFFF,0x4208,0x0820,0x0020,0x0000,
  0x1061,0x1082,0x1081,0x1082,0x0020,0x0000,0x0840,0xDEDB,0x528A,0x0840,0x0820,0x0000,
  0x0000,0x1061,0x1082,0x1082,0x1082,0x1082,0x1082,0x1082,0x0020,0xD69A,0x5AEB,0x0000,
  0x0000,0x1061,0x1082,0x0020,0x0861,0x1082,0x1082,0x0020,0x0861,0x1082,0x1082,0x1082,
  0x1082,0x1082,0x0841,0x8410,0x8430,0x632C,0x630C,0xAD75,0x4A49,0x0000,0x0000,0xC618,
  0x630C,0x0000,0x0861,0x1082,0x0020,0x0000,0x0861,0x1082,0x1061,0x10A2,0x0820,0x0000,
  0x0000,0x1082,0x0000,0xBDF7,0x7BCF,0x0000,0x0020,0x0861,0x1082,0x0020,0x0841,0x1082,
  0x1082,0x0820,0x0841,0x1082,0x1082,0x1082,0x1082,0x1082,0x1082,0x1082,0x1082,0x1082,
  0x1082,0x1082,0x1082,0x1082,0x1082,0x1082,0x1082,0x1082,0x1082,0x0862,0x3922,0xFC22,
  0xF422,0xF422,0xF422,0xF422,0xF422,0xF422,0xF422,0xF422,0xF422,0xF422,0xF422,0xF422,
  0xF422,0xF422,0xFC22,0xF422,0xFC22,0xFC62,0xF402,0x92A2,0x0022,0x18A2,0xB302,0x92A2,
  0x0042,0x0862,0x28E2,0x8A62,0x7222,0xEC02,0x5182,0x0862,0x69E2,0xFC62,0xFC42,0x9AA2,
  0x7222,0xF422,0x7202,0xEC02,0xFC62,0xFC22,0xDBA2,0x0862,0x0042,0x1082,0x0862,0x18A2,
  0xA2C2,0xAAE2,0x28E2,0x9282,0x0862,0x0022,0x18A2,0xEC02,0xC362,0xAAE2,0x18A2,0x0862,
  0x1082,0x1082,0x1082,0x1082,0x1082,0x1082,0x1082,0x1082,0x1082,0x1082,0x1082,0x0862,
  0xA2E2,0xFC42,0xFC22,0xF422,0xF422,0xF422,0xF422,0xF422,0xFC22,0xF422,0xA2C2,0x18A2,
  0x0882,0x1082,0x1082,0x1082,0x1082,0x1082,0x1082,0x1082,0x1082,0x1082,0x1082,0x1082,
  0x1082,0x1082,0x1082,0x1082,0x1082,0x1082,0x1082,0x1082,0x1082,0x1082,0x1082,0x1082,
  0x1082,0x1082,0x1082,0x1082,0x1082,0x1082,0x1082,0x1082,0x1082,0x1082,0x1082,0x1082,
  0x1082,0x1082,0x1082,0x1082,0x1082,0x1082,0x1082,0x1082,0x1082,0x1082,0x1082,0x1082,
  0x1082,0x1082,0x0861,0xCE79,0x8430,0x9CD3,0x73AE,0xD6BA,0x4228,0x0020,0x9CF3,0xC638,
  0x2924,0x0020,0x10A2,0x0000,0x9492,0xC638,0x18E3,0xBDF7,0x528A,0x0000,0x94B2,0xC638,
  0xC618,0x2965,0x0020,0x1082,0x1082,0x1082,0x1082,0x1082,0x0020,0xC638,0x4208,0x7BCF,
  0xC638,0x3186,0x0000,0x8C71,0x4228,0x0861,0x0861,0x8C51,0x4228,0x0841,0x1082,0x1082,
  0x1082,0x10A2,0x0000,0xDEBA,0x528A,0x0000,0x0000,0x4A69,0x2965,0x8410,0xBDF7,0xE71C,
  0xCE79,0xBDF7,0x4A49,0x0020,0x8430,0xCE38,0x39E7,0x0000,0x10A2,0x0000,0x7BEF,0xC618,
  0xC618,0x4208,0x0000,0xBDD7,0x5ACB,0x630C,0xC638,0x4228,0x0000,0x8410,0x52AA,0x0841,
  0x0841,0x7BEF,0x52AA,0x0020,0x1082,0x1082,0x1082,0x1082,0x1082,0x1082,0x1082,0x1082,
  0x1082,0x1082,0x1082,0x1082,0x1082,0x1082,0x1082,0x1082,0x1082,0x0862,0x3922,0xFC22,
  0xF422,0xF422,0xF422,0xF422,0xF422,0xF422,0xF422,0xF422,0xF422,0xF422,0xF422,0xF422,
  0xF422,0xF422,0xF422,0xF422,0xF422,0xF402,0xFC42,0xFC22,0xAAE2,0xBB22,0xFC62,0xFC42,
  0xAAE2,0x0862,0x28E2,0xEC02,0x1082,0x4962,0x0862,0x0862,0x0862,0x59A2,0x59C2,0x59A2,
  0x1082,0x4142,0x28E2,0xE3E2,0x7202,0xFC42,0xFC42,0x9AC2,0x18A2,0x1082,0x0862,0x2902,
  0xFC42,0x5182,0x28E2,0xFC42,0xC362,0x92A2,0x3102,0xE3E2,0x7222,0x59C2,0x1082,0x1082,
  0x1082,0x1082,0x1082,0x1082,0x1082,0x1082,0x1082,0x1082,0x1082,0x0862,0x0862,0xA2E2,
  0xFC42,0xF422,0xF422,0xFC22,0xF422,0xF422,0xF422,0xF422,0xF422,0xFC22,0xFC42,0x28E2,
  0x0862,0x1082,0x1082,0x1082,0x1082,0x1082,0x1082,0x1082,0x1082,0x1082,0x1082,0x1082,
  0x1082,0x1082,0x1082,0x1082,0x1082,0x1082,0x1082,0x1082,0x1082,0x1082,0x1082,0x1082,
  0x1082,0x1082,0x1082,0x1082,0x1082,0x1082,0x1082,0x1082,0x1082,0x1082,0x1082,0x1082,
  0x1082,0x1082,0x1082,0x1082,0x1082,0x1082,0x1082,0x1082,0x1082,0x1082,0x1082,0x1082,
  0x1082,0x1082,0x0861,0xD69A,0x3186,0xCE59,0x39C7,0xC5F7,0x4A49,0x0820,0x4A69,0x52AA,
  0xA4F3,0x31A6,0x0841,0x9471,0x7BEF,0x5B0C,0xAD55,0xEF7D,0x4207,0x8410,0x73AE,0x528A,
  0x52AA,0x9CF3,0x39C7,0x0841,0x1082,0x1082,0x1082,0x1082,0x0841,0xBDF7,0xD69A,0x7BCF,
  0x5AEB,0xA534,0x3186,0xD69A,0x5ACB,0x0000,0x0000,0xCE59,0x630C,0x0000,0x1082,0x1082,
  0x1082,0x1082,0x0861,0x4208,0xA534,0xBDF7,0xC638,0x2965,0x0000,0x52AA,0x630C,0xD69A,
  0x9CF3,0x632C,0x3186,0x0861,0x4228,0x4A69,0x9CD3,0x4A69,0x0841,0x7BEF,0x8C51,0x630C,
  0x630C,0xAD75,0x4A28,0x9CF3,0xD6BA,0x83EF,0x630C,0xA514,0x39E7,0xB596,0x7BEF,0x0000,
  0x0020,0xBDD7,0x7BEF,0x0000,0x10A2,0x1082,0x1082,0x1082,0x1082,0x1082,0x1082,0x1082,
  0x1082,0x1082,0x1082,0x1082,0x1082,0x1082,0x1082,0x1082,0x1082,0x0862,0x3922,0xFC22,
  0xF422,0xF422,0xF422,0xF422,0xF422,0xF422,0xF422,0xF422,0xF422,0xF422,0xF422,0xF422,
  0xF422,0xF422,0xF422,0xF422,0xF422,0xFC22,0xF422,0xF422,0xFC62,0xFC42,0xF422,0xE3C2,
  0x4962,0x18C2,0xAB02,0x5182,0x1082,0x0042,0x1082,0x1082,0x1082,0x0042,0x0042,0x0042,
  0x1082,0x0042,0x18A2,0x4962,0x1082,0x5182,0x7222,0xF402,0x18A2,0x0862,0x1082,0x1082,
  0x61C2,0x92A2,0x18A2,0x5182,0x7A42,0xF402,0x20E2,0x4962,0x0042,0x0022,0x1082,0x1082,
  0x1082,0x1082,0x1082,0x1082,0x1082,0x1082,0x1082,0x1082,0x1082,0x18A2,0xAAE2,0xFC42,
  0xF422,0xF422,0xFC22,0xF422,0xF422,0xF422,0xF422,0xF422,0xF422,0xFC22,0xEBE2,0x18A2,
  0x0862,0x1082,0x1082,0x1082,0x1082,0x1082,0x1082,0x1082,0x1082,0x1082,0x1082,0x1082,
  0x1082,0x1082,0x1082,0x1082,0x1082,0x1082,0x1082,0x1082,0x1082,0x1082,0x1082,0x1082,
  0x1082,0x1082,0x1082,0x1082,0x1082,0x1082,0x1082,0x1082,0x1082,0x1082,0x1082,0x1082,
  0x1082,0x1082,0x1082,0x1082,0x1082,0x1082,0x1082,0x1082,0x1082,0x1082,0x1082,0x1082,
  0x1082,0x1082,0x0861,0xD69A,0x4208,0xCE79,0x4A49,0xC618,0x4A49,0x0000,0x8C51,0xAD75,
  0xFFBE,0x4A49,0x0000,0xDEDA,0x4228,0x0000,0x4208,0xDEFB,0x4208,0xC618,0xCE59,0xA534,
  0xA534,0xFFFF,0x528A,0x0020,0x10A2,0x1082,0x1082,0x1082,0x0840,0xC618,0x8C51,0x1082,
  0x0000,0xCE79,0x5ACB,0x39C7,0xAD34,0xBDD7,0xB596,0xEF5D,0x528A,0x0020,0x1082,0x1082,
  0x1082,0x1082,0x10A2,0x0000,0x4228,0x738E,0x632C,0xA514,0x4228,0x0000,0x0000,0xB5B6,
  0x5AEB,0x0000,0x0841,0x0000,0x738E,0xAD55,0xF79E,0x6B6D,0x0000,0xC638,0x6B2C,0x0000,
  0x0000,0x4208,0x2104,0xAD55,0xAD34,0x18E3,0x0000,0xBDF7,0x632C,0x9CD3,0x7BAE,0x0840,
  0x0000,0xAD55,0x73AE,0x0000,0x10A2,0x1082,0x1082,0x1082,0x1082,0x1082,0x1082,0x1082,
  0x1082,0x1082,0x1082,0x1082,0x1082,0x1082,0x1082,0x1082,0x1082,0x0862,0x3922,0xFC22,
  0xF422,0xF422,0xF422,0xF422,0xF422,0xF422,0xF422,0xF422,0xF422,0xFC22,0xF422,0xFC22,
  0xFC62,0xF422,0xF422,0xF422,0xF422,0xF422,0xF422,0xF422,0xF422,0xF402,0xFC22,0xEBE2,
  0x9AA2,0xA2E2,0x59C2,0x0022,0x1082,0x1082,0x1082,0x1082,0x1082,0x1082,0x1082,0x1082,
  0x1082,0x1082,0x0862,0x0042,0x1082,0x0042,0x0862,0x5182,0x1082,0x1082,0x1082,0x0862,
  0x1062,0x61C2,0x1082,0x0022,0x0862,0x5182,0x1082,0x0042,0x1082,0x1082,0x1082,0x1082,
  0x1082,0x1082,0x1082,0x1082,0x1082,0x1082,0x1082,0x1082,0x0862,0x1082,0xF402,0xFC22,
  0xF422,0xFC22,0xF422,0xF422,0xF422,0xF422,0xF422,0xF422,0xF422,0xF422,0xF422,0xAAE2,
  0x18A2,0x0862,0x1082,0x1082,0x1082,0x1082,0x1082,0x1082,0x1082,0x1082,0x1082,0x1082,
  0x1082,0x1082,0x1082,0x1082,0x1082,0x1082,0x1082,0x1082,0x1082,0x1082,0x1082,0x1082,
  0x1082,0x1082,0x1082,0x1082,0x1082,0x1082,0x1082,0x1082,0x1082,0x1082,0x1082,0x1082,
  0x1082,0x1082,0x1082,0x1082,0x1082,0x1082,0x1082,0x1082,0x1082,0x1082,0x1082,0x1082,
  0x1082,0x1082,0x0861,0xCE79,0x4208,0x4228,0x2104,0xCE59,0x4208,0x8C71,0x7BCF,0x52AA,
  0xDEDB,0x39C7,0x0000,0xDEDB,0x4228,0x0000,0x8410,0xEF7D,0x39E7,0xC638,0x8C71,0x52AA,
  0x5AEB,0x5ACB,0x2104,0x0861,0x1082,0x1082,0x1082,0x1082,0x0840,0xBDF7,0xC638,0x2924,
  0x0000,0xCE79,0x630C,0x0000,0x4A69,0x73AE,0x632C,0xDEBA,0x52AA,0x0020,0x1082,0x1082,
  0x1082,0x1082,0x0820,0x94B2,0x31A6,0x0000,0x0000,0xCE59,0x738E,0x0020,0x0841,0xCE59,
  0x52AA,0x7BCF,0x4A49,0x7BCF,0x8C51,0x52AA,0xCE79,0x5ACB,0x0000,0xC638,0x6B2C,0x0000,
  0x0000,0x7BCF,0x39E7,0xAD54,0x632C,0x0000,0x0841,0xB596,0x5AEB,0xAD55,0x73AE,0x0000,
  0x738E,0xEF5D,0x6B2C,0x0000,0x10A2,0x1082,0x1082,0x1082,0x1082,0x1082,0x1082,0x1082,
  0x1082,0x1082,0x1082,0x1082,0x1082,0x1082,0x1082,0x1082,0x1082,0x0862,0x4142,0xFC62,
  0xF422,0xF422,0xF422,0xF422,0xF422,0xF422,0xF422,0xF422,0xF422,0xF422,0xFC42,0xD3A2,
  0x69E2,0xFC22,0xF422,0xF422,0xF422,0xF422,0xF422,0xF422,0xF422,0xFC22,0xF422,0xFC22,
  0xFCA2,0xDBA2,0x1082,0x9282,0x0862,0x1082,0x1082,0x1082,0x1082,0x1082,0x1082,0x1082,
  0x1082,0x1082,0x1082,0x1082,0x1082,0x1082,0x1082,0x0042,0x1082,0x1082,0x1082,0x1082,
  0x1082,0x0042,0x1082,0x1082,0x1082,0x0042,0x1082,0x1082,0x1082,0x1082,0x1082,0x1082,
  0x1082,0x1082,0x1082,0x1082,0x1082,0x1082,0x1082,0x1082,0x0862,0xA2C2,0xF402,0xFC22,
  0xF422,0xF422,0xF422,0xF422,0xF422,0xF422,0xF422,0xF422,0xF422,0xF422,0xFC22,0xFC22,
  0x28E2,0x0862,0x1082,0x1082,0x1082,0x1082,0x1082,0x1082,0x1082,0x1082,0x1082,0x1082,
  0x1082,0x1082,0x1082,0x1082,0x1082,0x1082,0x1082,0x1082,0x1082,0x1082,0x1082,0x1082,
  0x1082,0x1082,0x1082,0x1082,0x1082,0x1082,0x1082,0x1082,0x1082,0x1082,0x1082,0x1082,
  0x1082,0x1082,0x1082,0x1082,0x1082,0x1082,0x1082,0x1082,0x1082,0x1082,0x1082,0x1082,
  0x1082,0x1082,0x0861,0xDEDB,0x4A49,0x0000,0x0841,0xDEFB,0x4A49,0x5269,0xA514,0xA514,
  0xF79E,0xD699,0x2965,0x4A48,0xAD55,0xB5B6,0x7BCF,0xE71C,0x4A69,0x4208,0x9CF3,0xA534,
  0xAD55,0x2944,0x0020,0x1082,0x1082,0x1082,0x1082,0x1082,0x0020,0xCE79,0x9CD3,0x9CD3,
  0xB5B6,0x7BCF,0x18E3,0x94B2,0x2965,0x0000,0x0000,0xC638,0x632C,0x0000,0x1082,0x1082,
  0x1082,0x1082,0x0861,0x528A,0xAD55,0xBDD7,0xBDD7,0x7BEF,0x2124,0x0861,0x0861,0x4208,
  0xA514,0x9491,0x2124,0x4A49,0x9CD3,0xA514,0xEF5D,0xDEFB,0x4208,0x39E7,0xA514,0xBDB6,
  0xB5B6,0x9492,0x2124,0xBDD7,0x7BCF,0x0020,0x0000,0xBDF7,0x73AE,0x31A6,0x9CF3,0xB5B6,
  0x7BCF,0xCE79,0x7BCF,0x0000,0x10A2,0x1082,0x1082,0x1082,0x1082,0x1082,0x1082,0x1082,
  0x1082,0x1082,0x1082,0x1082,0x1082,0x1082,0x1082,0x1082,0x1082,0x0862,0x18A2,0x7A42,
  0xFC22,0xF422,0xF422,0xF422,0xF422,0xF422,0xF422,0xF422,0xF422,0xF422,0xFC42,0xE3E2,
  0xAAE2,0xFC22,0xF422,0xF422,0xF422,0xF422,0xF422,0xF422,0xF422,0xF422,0xF422,0xF422,
  0xF422,0xE3E2,0xBB22,0xFC42,0x9282,0x0042,0x1082,0x1082,0x1082,0x1082,0x1082,0x1082,
  0x1082,0x1082,0x1082,0x1082,0x1082,0x1082,0x1082,0x1082,0x1082,0x1082,0x1082,0x1082,
  0x1082,0x1082,0x1082,0x1082,0x1082,0x1082,0x1082,0x1082,0x1082,0x1082,0x1082,0x1082,
  0x1082,0x1082,0x1082,0x1082,0x1082,0x1082,0x1082,0x0862,0xA2C2,0xFC42,0xFC22,0xF422,
  0xF422,0xF422,0xF422,0xF422,0xF422,0xF422,0xF422,0xF422,0xF422,0xF422,0xFC22,0xEBE2,
  0x18A2,0x0862,0x1082,0x1082,0x1082,0x1082,0x1082,0x1082,0x1082,0x1082,0x1082,0x1082,
  0x1082,0x1082,0x1082,0x1082,0x1082,0x1082,0x1082,0x1082,0x1082,0x1082,0x1082,0x1082,
  0x1082,0x1082,0x1082,0x1082,0x1082,0x1082,0x1082,0x1082,0x1082,0x1082,0x1082,0x1082,
  0x1082,0x1082,0x1082,0x1082,0x1082,0x1082,0x1082,0x1082,0x1082,0x1082,0x1082,0x1082,
  0x1082,0x1082,0x1061,0x528A,0x2104,0x1061,0x1082,0x528A,0x2124,0x0000,0x5ACB,0x73AE,
  0x630C,0x6B6D,0x2124,0x0000,0x5AAA,0x738E,0x1082,0x4A49,0x2945,0x0000,0x5ACB,0x73AE,
  0x738E,0x2945,0x0861,0x1082,0x1082,0x1082,0x1082,0x1082,0x0861,0x528A,0x18C2,0x4A49,
  0x738E,0x18E3,0x0020,0x52AA,0xAD55,0xBDD7,0xBDD7,0x7BEF,0x2124,0x0861,0x1082,0x1082,
  0x1082,0x1082,0x1082,0x0000,0x4A69,0x738E,0x738E,0x2104,0x0020,0x1082,0x1082,0x0000,
  0x528A,0x2924,0x0020,0x0000,0x4A49,0x73AE,0x630C,0x6B4D,0x3186,0x0000,0x4A49,0x738E,
  0x738E,0x2124,0x0000,0x4A69,0x3186,0x0841,0x0841,0x4A49,0x31A6,0x0000,0x4228,0x738E,
  0x18E3,0x39C7,0x31A6,0x0841,0x1082,0x1082,0x1082,0x1082,0x1082,0x1082,0x1082,0x1082,
  0x1082,0x1082,0x1082,0x1082,0x1082,0x1082,0x1082,0x1082,0x1082,0x1082,0x0042,0x3102,
  0xFC22,0xF422,0xF422,0xF422,0xF422,0xF422,0xF422,0xF422,0xF422,0xFC22,0xF422,0xFC22,
  0xFC62,0xF422,0xF422,0xF422,0xF422,0xF422,0xF422,0xF422,0xF422,0xF422,0xF422,0xFC22,
  0xF422,0xFC22,0xFC42,0xF422,0xFC42,0x9282,0x0042,0x1082,0x1082,0x1082,0x1082,0x1082,
  0x1082,0x1082,0x1082,0x1082,0x1082,0x1082,0x1082,0x1082,0x1082,0x1082,0x1082,0x1082,
  0x1082,0x1082,0x1082,0x1082,0x1082,0x1082,0x1082,0x1082,0x1082,0x1082,0x1082,0x1082,
  0x1082,0x1082,0x1082,0x1082,0x1082,0x0042,0x0862,0xA2C2,0xFC42,0xF422,0xF422,0xFC22,
  0xF422,0xF422,0xF422,0xF422,0xF422,0xF422,0xF422,0xF422,0xF422,0xF422,0xF422,0xF422,
  0xAAE2,0x18A2,0x0862,0x1082,0x1082,0x1082,0x1082,0x1082,0x1082,0x1082,0x1082,0x1082,
  0x1082,0x1082,0x1082,0x1082,0x1082,0x1082,0x1082,0x1082,0x1082,0x1082,0x1082,0x1082,
  0x1082,0x1082,0x1082,0x1082,0x1082,0x1082,0x1082,0x1082,0x1082,0x1082,0x1082,0x1082,
  0x1082,0x1082,0x1082,0x1082,0x1082,0x1082,0x1082,0x1082,0x1082,0x1082,0x1082,0x1082,
  0x1082,0x1082,0x1082,0x0020,0x0861,0x1082,0x1082,0x0020,0x0861,0x10A2,0x0000,0x0000,
  0x0000,0x0000,0x0861,0x10A2,0x0000,0x0000,0x1082,0x0020,0x0861,0x10A2,0x0000,0x0000,
  0x0000,0x0861,0x1082,0x1082,0x1082,0x1082,0x1082,0x1082,0x1082,0x0020,0x1061,0x0020,
  0x0000,0x0861,0x10A2,0x0000,0x528A,0x738E,0x738E,0x20E3,0x0020,0x1082,0x1082,0x1082,
  0x1082,0x1082,0x1082,0x10A2,0x0020,0x0000,0x0000,0x0861,0x1082,0x1082,0x1082,0x10A2,
  0x0020,0x0861,0x1082,0x1082,0x0020,0x0000,0x0000,0x0000,0x0841,0x10A2,0x0020,0x0000,
  0x0000,0x0861,0x1082,0x0020,0x0841,0x1082,0x1082,0x0020,0x0841,0x10A2,0x0020,0x0000,
  0x0861,0x0841,0x0841,0x1082,0x1082,0x1082,0x1082,0x1082,0x1082,0x1082,0x1082,0x1082,
  0x1082,0x1082,0x1082,0x1082,0x1082,0x1082,0x1082,0x1082,0x1082,0x1082,0x0862,0x3942,
  0xFC22,0xF422,0xF422,0xF422,0xF422,0xF422,0xF422,0xF422,0xF422,0xF422,0xF422,0xF422,
  0xF422,0xF422,0xF422,0xF422,0xF422,0xF422,0xF422,0xF422,0xF422,0xF422,0xF422,0xF422,
  0xF422,0xF422,0xF422,0xF422,0xF422,0xFC42,0x9282,0x0042,0x1082,0x1082,0x0042,0x1082,
  0x1082,0x1082,0x1082,0x1082,0x1082,0x1082,0x1082,0x1082,0x1082,0x1082,0x1082,0x1082,
  0x1082,0x1082,0x1082,0x1082,0x1082,0x1082,0x1082,0x1082,0x1082,0x1082,0x1082,0x1082,
  0x1082,0x1082,0x1082,0x0862,0x18A2,0x9AA2,0xAB02,0xFC42,0xF422,0xF422,0xFC22,0xF422,
  0xF422,0xF422,0xF422,0xF422,0xF422,0xF422,0xF422,0xF422,0xF422,0xF422,0xF422,0xFC22,
  0xFC22,0x28E2,0x0862,0x1082,0x1082,0x1082,0x1082,0x1082,0x1082,0x1082,0x1082,0x1082,
  0x1082,0x1082,0x1082,0x1082,0x1082,0x1082,0x1082,0x1082,0x1082,0x1082,0x1082,0x1082,
  0x1082,0x1082,0x1082,0x1082,0x1082,0x1082,0x1082,0x1082,0x1082,0x1082,0x1082,0x1082,
  0x1082,0x1082,0x1082,0x1082,0x1082,0x1082,0x1082,0x1082,0x1082,0x1082,0x1082,0x1082,
  0x1082,0x1082,0x1082,0x1082,0x1082,0x1082,0x1082,0x1082,0x1082,0x1082,0x1082,0x10A2,
  0x10A2,0x10A2,0x1082,0x1082,0x1082,0x10A2,0x1082,0x1082,0x1082,0x1082,0x1082,0x10A2,
  0x10A2,0x1082,0x1082,0x1082,0x1082,0x1082,0x1082,0x1082,0x1082,0x1082,0x1082,0x1082,
  0x10A2,0x1082,0x1082,0x10A2,0x0020,0x0000,0x0000,0x0861,0x1082,0x1082,0x1082,0x1082,
  0x1082,0x1082,0x1082,0x1082,0x1082,0x10A2,0x10A2,0x1082,0x1082,0x1082,0x1082,0x1082,
  0x1082,0x1082,0x1082,0x1082,0x1082,0x10A2,0x1082,0x10A2,0x1082,0x1082,0x1082,0x10A2,
  0x10A2,0x1082,0x1082,0x1082,0x1082,0x1082,0x1082,0x1082,0x1082,0x1082,0x1082,0x10A2,
  0x1082,0x1082,0x1082,0x1082,0x1082,0x1082,0x1082,0x1082,0x1082,0x1082,0x1082,0x1082,
  0x1082,0x1082,0x1082,0x1082,0x1082,0x1082,0x1082,0x1082,0x1082,0x1082,0x0862,0x3922,
  0xFC22,0xF422,0xF422,0xF422,0xF422,0xF422,0xF422,0xF422,0xF422,0xF422,0xF422,0xF422,
  0xF422,0xF422,0xF422,0xF422,0xF422,0xF422,0xF422,0xF422,0xF422,0xF422,0xF422,0xF422,
  0xF422,0xF422,0xF422,0xFC22,0xF422,0xF422,0xFC42,0x9282,0x0042,0x28E2,0x9282,0x18A2,
  0x1082,0x1082,0x1082,0x1082,0x1082,0x1082,0x1082,0x1082,0x1082,0x1082,0x1082,0x1082,
  0x1082,0x1082,0x1082,0x1082,0x1082,0x1082,0x1082,0x1082,0x1082,0x1082,0x1082,0x1082,
  0x0042,0x0042,0x0042,0x0862,0x1082,0xF422,0xFC62,0xF422,0xF422,0xFC22,0xF422,0xF422,
  0xF422,0xF422,0xF422,0xF422,0xF422,0xF422,0xF422,0xF422,0xF422,0xF422,0xF422,0xFC22,
  0xEBE2,0x18A2,0x0862,0x1082,0x1082,0x1082,0x1082,0x1082,0x1082,0x1082,0x1082,0x1082,
  0x1082,0x1082,0x1082,0x1082,0x1082,0x1082,0x1082,0x1082,0x1082,0x1082,0x1082,0x1082,
  0x1082,0x1082,0x1082,0x1082,0x1082,0x1082,0x1082,0x1082,0x1082,0x1082,0x1082,0x1082,
  0x1082,0x1082,0x1082,0x1082,0x1082,0x1082,0x1082,0x1082,0x1082,0x1082,0x1082,0x1082,
  0x1082,0x1082,0x1082,0x1082,0x1082,0x1082,0x1082,0x1082,0x1082,0x1082,0x1082,0x1082,
  0x1082,0x1082,0x1082,0x1082,0x1082,0x1082,0x1082,0x1082,0x1082,0x1082,0x1082,0x1082,
  0x1082,0x1082,0x1082,0x1082,0x1082,0x1082,0x1082,0x1082,0x1082,0x1082,0x1082,0x1082,
  0x1082,0x1082,0x1082,0x1082,0x1082,0x10A2,0x10A2,0x1082,0x1082,0x1082,0x1082,0x1082,
  0x1082,0x1082,0x1082,0x1082,0x1082,0x1082,0x1082,0x1082,0x1082,0x1082,0x1082,0x1082,
  0x1082,0x1082,0x1082,0x1082,0x1082,0x1082,0x1082,0x1082,0x1082,0x1082,0x1082,0x1082,
  0x1082,0x1082,0x1082,0x1082,0x1082,0x1082,0x1082,0x1082,0x1082,0x1082,0x1082,0x1082,
  0x1082,0x1082,0x1082,0x1082,0x1082,0x1082,0x1082,0x1082,0x1082,0x1082,0x1082,0x1082,
  0x1082,0x1082,0x1082,0x1082,0x1082,0x1082,0x1082,0x1082,0x1082,0x1082,0x0842,0x4142,
  0xFC62,0xF422,0xF422,0xF422,0xF422,0xF422,0xF422,0xF422,0xF422,0xF422,0xF422,0xF422,
  0xF422,0xF422,0xF422,0xF422,0xF422,0xF422,0xF422,0xF422,0xF422,0xF422,0xF422,0xF422,
  0xF422,0xF422,0xF422,0xF422,0xFC22,0xF422,0xF422,0xFC42,0x8262,0x28E2,0xE3C2,0x0862,
  0x1082,0x1082,0x1082,0x1082,0x1082,0x1082,0x1082,0x1082,0x1082,0x1082,0x1082,0x1082,
  0x1082,0x1082,0x1082,0x1082,0x1082,0x1082,0x1082,0x1082,0x1082,0x1082,0x0862,0x18A2,
  0x9AA2,0xA2E2,0x9282,0x1082,0x9AA2,0xF402,0xF422,0xF422,0xF422,0xF422,0xF422,0xF422,
  0xF422,0xF422,0xF422,0xF422,0xF422,0xF422,0xF422,0xF422,0xF422,0xF422,0xF422,0xF422,
  0xF422,0xA2C2,0x0862,0x1082,0x1082,0x1082,0x1082,0x1082,0x1082,0x1082,0x1082,0x1082,
  0x1082,0x1082,0x1082,0x1082,0x1082,0x1082,0x1082,0x1082,0x1082,0x1082,0x1082,0x1082,
  0x1082,0x1082,0x1082,0x1082,0x1082,0x1082,0x1082,0x1082,0x1082,0x1082,0x1082,0x1082,
  0x1082,0x1082,0x1082,0x1082,0x1082,0x1082,0x1082,0x1082,0x1082,0x1082,0x1082,0x1082,
  0x1082,0x1082,0x1082,0x1082,0x1082,0x1082,0x1082,0x1082,0x1082,0x1082,0x1082,0x1082,
  0x1082,0x1082,0x1082,0x1082,0x1082,0x1082,0x1082,0x1082,0x1082,0x1082,0x1082,0x1082,
  0x1082,0x1082,0x1082,0x1082,0x1082,0x1082,0x1082,0x1082,0x1082,0x1082,0x1082,0x1082,
  0x1082,0x1082,0x1082,0x1082,0x1082,0x1082,0x1082,0x1082,0x1082,0x1082,0x1082,0x1082,
  0x1082,0x1082,0x1082,0x1082,0x1082,0x1082,0x1082,0x1082,0x1082,0x1082,0x1082,0x1082,
  0x1082,0x1082,0x1082,0x1082,0x1082,0x1082,0x1082,0x1082,0x1082,0x1082,0x1082,0x1082,
  0x1082,0x1082,0x1082,0x1082,0x1082,0x1082,0x1082,0x1082,0x1082,0x1082,0x1082,0x1082,
  0x1082,0x1082,0x1082,0x1082,0x1082,0x1082,0x1082,0x1082,0x1082,0x1082,0x1082,0x1082,
  0x1082,0x1082,0x1082,0x1082,0x1082,0x1082,0x1082,0x1082,0x1082,0x1082,0x1062,0x18A2,
  0x7222,0xFC22,0xF422,0xF422,0xF422,0xF422,0xF422,0xF422,0xF422,0xF422,0xF422,0xF422,
  0xF422,0xF422,0xF422,0xF422,0xFC22,0xF422,0xFC22,0xFC62,0xF422,0xF422,0xF422,0xF422,
  0xF422,0xF422,0xF422,0xF422,0xF422,0xFC22,0xF422,0xFC22,0xF422,0xAB02,0xEC02,0x9282,
  0x0042,0x1082,0x1082,0x1082,0x1082,0x1082,0x1082,0x1082,0x1082,0x1082,0x1082,0x1082,
  0x1082,0x1082,0x1082,0x1082,0x1082,0x1082,0x1082,0x1082,0x1082,0x1082,0x0862,0x20C2,
  0xFC22,0xFCC2,0xFC42,0xAB02,0xFC42,0xFC22,0xF422,0xF422,0xF422,0xF422,0xF422,0xF422,
  0xF422,0xF422,0xF402,0xF402,0xF422,0xF422,0xFC22,0xFC62,0xF422,0xF422,0xFC22,0xF422,
  0xFC22,0xFC42,0xA2E2,0x0862,0x1082,0x1082,0x1082,0x1082,0x1082,0x1082,0x1082,0x1082,
  0x1082,0x1082,0x1082,0x1082,0x1082,0x1082,0x1082,0x1082,0x1082,0x1082,0x1082,0x1082,
  0x1082,0x1082,0x1082,0x1082,0x1082,0x1082,0x1082,0x1082,0x1082,0x1082,0x1082,0x1082,
  0x1082,0x1082,0x1082,0x1082,0x1082,0x1082,0x1082,0x1082,0x1082,0x1082,0x1082,0x1082,
  0x1082,0x1082,0x1082,0x1082,0x1082,0x1082,0x1082,0x1082,0x1082,0x1082,0x1082,0x1082,
  0x1082,0x1082,0x1082,0x1082,0x1082,0x1082,0x1082,0x1082,0x1082,0x1082,0x1082,0x1082,
  0x1082,0x1082,0x1082,0x1082,0x1082,0x1082,0x1082,0x1082,0x1082,0x1082,0x1082,0x1082,
  0x1082,0x1082,0x1082,0x1082,0x1082,0x1082,0x1082,0x1082,0x1082,0x1082,0x1082,0x1082,
  0x1082,0x1082,0x1082,0x1082,0x1082,0x1082,0x1082,0x1082,0x1082,0x1082,0x1082,0x1082,
  0x1082,0x1082,0x1082,0x1082,0x1082,0x1082,0x1082,0x1082,0x1082,0x1082,0x1082,0x1082,
  0x1082,0x1082,0x1082,0x1082,0x1082,0x1082,0x1082,0x1082,0x1082,0x1082,0x1082,0x1082,
  0x1082,0x1082,0x1082,0x1082,0x1082,0x1082,0x1082,0x1082,0x1082,0x1082,0x1082,0x1082,
  0x1082,0x1082,0x1082,0x1082,0x1082,0x1082,0x1082,0x1082,0x1082,0x1082,0x0862,0x20C2,
  0xA2C2,0xFC22,0xF422,0xF422,0xF422,0xF422,0xF422,0xF422,0xF422,0xF422,0xF422,0xF422,
  0xF422,0xF422,0xF422,0xF422,0xF422,0xFC42,0xDBA2,0x7202,0xF422,0xFC22,0xF422,0xF422,
  0xF422,0xF422,0xF422,0xF422,0xF422,0xF422,0xFC22,0xF422,0xF422,0xFC42,0xFC22,0xFC42,
  0x9282,0x0042,0x0042,0x0042,0x1082,0x0042,0x0042,0x1082,0x0042,0x1082,0x1082,0x1082,
  0x1082,0x1082,0x1082,0x1082,0x1082,0x1082,0x1082,0x1062,0x0042,0x0042,0x0862,0x28E2,
  0xDBA2,0x69E2,0xEBE2,0xFC62,0xF422,0xF422,0xFC22,0xF422,0xF422,0xF422,0xF422,0xF422,
  0xF422,0xFC22,0xFC62,0xFC62,0xF422,0xFC62,0xEC02,0x7A22,0xFC22,0xFC42,0xF422,0xFC22,
  0xF422,0xF422,0xFC42,0xA2E2,0x0862,0x0862,0x1082,0x1082,0x1082,0x1082,0x1082,0x1082,
  0x1082,0x1082,0x1082,0x1082,0x1082,0x1082,0x1082,0x1082,0x1082,0x1082,0x1082,0x1082,
  0x1082,0x1082,0x1082,0x1082,0x1082,0x1082,0x1082,0x1082,0x1082,0x1082,0x1082,0x1082,
  0x1082,0x1082,0x1082,0x1082,0x1082,0x1082,0x1082,0x1082,0x1082,0x1082,0x1082,0x1082,
  0x1082,0x1082,0x1082,0x1082,0x1082,0x1082,0x1082,0x1082,0x1082,0x1082,0x1082,0x1082,
  0x1082,0x1082,0x1082,0x1082,0x1082,0x1082,0x1082,0x1082,0x1082,0x1082,0x1082,0x1082,
  0x1082,0x1082,0x1082,0x1082,0x1082,0x1082,0x1082,0x1082,0x1082,0x1082,0x1082,0x1082,
  0x1082,0x1082,0x1082,0x1082,0x1082,0x1082,0x1082,0x1082,0x1082,0x1082,0x1082,0x1082,
  0x1082,0x1082,0x1082,0x1082,0x1082,0x1082,0x1082,0x1082,0x1082,0x1082,0x1082,0x1082,
  0x1082,0x1082,0x1082,0x1082,0x1082,0x1082,0x1082,0x1082,0x1082,0x1082,0x1082,0x1082,
  0x1082,0x1082,0x1082,0x1082,0x1082,0x1082,0x1082,0x1082,0x1082,0x1082,0x1082,0x1082,
  0x1082,0x1082,0x1082,0x1082,0x1082,0x1082,0x1082,0x1082,0x1082,0x1082,0x1082,0x1082,
  0x1082,0x1082,0x1082,0x1082,0x1082,0x1082,0x1082,0x1082,0x1082,0x1082,0x0042,0x4142,
  0xFCA2,0xF402,0xF422,0xF422,0xF422,0xF422,0xF422,0xF422,0xF422,0xF422,0xF422,0xF422,
  0xF422,0xF422,0xF422,0xF422,0xF402,0xF422,0xE3C2,0x9AA2,0xF422,0xF422,0xF422,0xF422,
  0xF422,0xF422,0xF422,0xF422,0xF422,0xF422,0xF422,0xF422,0xF422,0xF402,0xF402,0xF422,
  0xFC22,0x9AA2,0x9AC2,0x8262,0x1082,0x9AA2,0x8A62,0x1082,0x8262,0x18A2,0x1082,0x1082,
  0x1082,0x1082,0x1082,0x1082,0x1082,0x1082,0x0862,0x18A2,0x9AA2,0x9282,0x0022,0x1082,
  0xDBC2,0x9AC2,0xEC02,0xF402,0xF422,0xF422,0xF422,0xF422,0xF422,0xF422,0xF422,0xF422,
  0xF422,0xEC02,0x61C2,0x7202,0xF402,0x8242,0xEBE2,0x18A2,0x5182,0xEBE2,0xF422,0xF422,
  0xF422,0xF422,0xF402,0xFC42,0xA2C2,0x18A2,0x0862,0x1082,0x1082,0x1082,0x1082,0x1082,
  0x1082,0x1082,0x1082,0x1082,0x1082,0x1082,0x1082,0x1082,0x1082,0x1082,0x1082,0x1082,
  0x1082,0x1082,0x1082,0x1082,0x1082,0x1082,0x1082,0x1082,0x1082,0x1082,0x1082,0x1082,
  0x1082,0x1082,0x1082,0x1082,0x1082,0x1082,0x1082,0x1082,0x1082,0x1082,0x1082,0x1082,
  0x1082,0x1082,0x1082,0x1082,0x1082,0x1082,0x1082,0x1082,0x1082,0x1082,0x1082,0x1082,
  0x1082,0x1082,0x1082,0x1082,0x1082,0x1082,0x1082,0x1082,0x1082,0x1082,0x1082,0x1082,
  0x1082,0x1082,0x1082,0x1082,0x1082,0x1082,0x1082,0x1082,0x1082,0x1082,0x1082,0x1082,
  0x1082,0x1082,0x1082,0x1082,0x1082,0x1082,0x1082,0x1082,0x1082,0x1082,0x1082,0x1082,
  0x1082,0x1082,0x1082,0x1082,0x1082,0x1082,0x1082,0x1082,0x1082,0x1082,0x1082,0x1082,
  0x1082,0x1082,0x1082,0x1082,0x1082,0x1082,0x1082,0x1082,0x1082,0x1082,0x1082,0x1082,
  0x1082,0x1082,0x1082,0x1082,0x1082,0x1082,0x1082,0x1082,0x1082,0x1082,0x1082,0x1082,
  0x1082,0x1082,0x1082,0x1082,0x1082,0x1082,0x1082,0x1082,0x1082,0x1082,0x1082,0x1082,
  0x1082,0x1082,0x1082,0x1082,0x1082,0x1082,0x1082,0x1082,0x1082,0x1082,0x0862,0x18A2,
  0x8242,0xFC62,0xFC42,0xFC42,0xFC42,0xFC42,0xFC42,0xFC42,0xFC42,0xFC42,0xFC42,0xFC42,
  0xFC42,0xFC42,0xFC42,0xFC42,0xFC42,0xFC42,0xFC62,0xFCA2,0xFC42,0xFC42,0xFC42,0xFC42,
  0xFC42,0xFC42,0xFC42,0xFC42,0xFC42,0xFC42,0xFC42,0xFC42,0xFC42,0xFC42,0xFC42,0xFC42,
  0xFC42,0xFC82,0xFCA2,0xFC62,0xBB22,0xFC82,0xFC62,0xBB42,0xF422,0x18A2,0x0862,0x1082,
  0x1082,0x1082,0x1082,0x1082,0x1082,0x1082,0x0862,0x20C2,0xFC62,0xFC82,0xAB02,0xB302,
  0xFC42,0xFCA2,0xFC62,0xFC42,0xFC42,0xFC42,0xFC42,0xFC42,0xFC42,0xFC42,0xFC42,0xFC42,
  0xFC62,0xFC42,0x9AA2,0x1082,0x59A2,0x1082,0x59A2,0x20C2,0x9282,0xFC42,0xFC62,0xFC42,
  0xFC42,0xFC42,0xFC42,0xFC42,0xFC62,0x28E2,0x0862,0x1082,0x1082,0x1082,0x1082,0x1082,
  0x1082,0x1082,0x1082,0x1082,0x1082,0x1082,0x1082,0x1082,0x1082,0x1082,0x1082,0x1082,
  0x1082,0x1082,0x1082,0x1082,0x1082,0x1082,0x1082,0x1082,0x1082,0x1082,0x1082,0x1082,
  0x1082,0x1082,0x1082,0x1082,0x1082,0x1082,0x1082,0x1082,0x1082,0x1082,0x1082,0x1082,
  0x1082,0x1082,0x1082,0x1082,0x1082,0x1082,0x1082,0x1082,0x1082,0x1082,0x1082,0x1082,
  0x1082,0x1082,0x1082,0x1082,0x1082,0x1082,0x1082,0x1082,0x1082,0x1082,0x1082,0x1082,
  0x1082,0x1082,0x1082,0x1082,0x1082,0x1082,0x1082,0x1082,0x1082,0x1082,0x1082,0x1082,
  0x1082,0x1082,0x1082,0x1082,0x1082,0x1082,0x1082,0x1082,0x1082,0x1082,0x1082,0x1082,
  0x1082,0x1082,0x1082,0x1082,0x1082,0x1082,0x1082,0x1082,0x1082,0x1082,0x1082,0x1082,
  0x1082,0x1082,0x1082,0x1082,0x1082,0x1082,0x1082,0x1082,0x1082,0x1082,0x1082,0x1082,
  0x1082,0x1082,0x1082,0x1082,0x1082,0x1082,0x1082,0x1082,0x1082,0x1082,0x1082,0x1082,
  0x1082,0x1082,0x1082,0x1082,0x1082,0x1082,0x1082,0x1082,0x1082,0x1082,0x1082,0x1082,
  0x1082,0x1082,0x1082,0x1082,0x1082,0x1082,0x1082,0x1082,0x1082,0x1082,0x1082,0x0862,
  0x1082,0x7202,0x7202,0x7202,0x7202,0x7202,0x7202,0x7202,0x7202,0x7202,0x7202,0x7202,
  0x7202,0x7202,0x7202,0x7202,0x7202,0x7202,0x7202,0x6A02,0x7202,0x7202,0x7202,0x7202,
  0x7202,0x7202,0x7202,0x7202,0x7202,0x7202,0x7202,0x7202,0x7202,0x7202,0x7202,0x7202,
  0x7202,0x6A02,0x69E2,0x7202,0x8242,0x6A02,0x7202,0x8242,0x61C2,0x1082,0x1082,0x1082,
  0x1082,0x1082,0x1082,0x1082,0x1082,0x1082,0x0862,0x18A2,0x69E2,0x7202,0x8242,0x8242,
  0x7202,0x6A02,0x7202,0x7202,0x7202,0x7202,0x7202,0x7202,0x7202,0x7202,0x7202,0x7202,
  0x7202,0x7202,0x8242,0x18A2,0x0042,0x1082,0x0042,0x1082,0x7A22,0x7222,0x7202,0x7202,
  0x7202,0x7202,0x7202,0x7202,0x69E2,0x18A2,0x0862,0x1082,0x1082,0x1082,0x1082,0x1082,
  0x1082,0x1082,0x1082,0x1082,0x1082,0x1082,0x1082,0x1082,0x1082,0x1082,0x1082,0x1082,
  0x1082,0x1082,0x1082,0x1082,0x1082,0x1082,0x1082,0x1082,0x1082,0x1082,0x1082,0x1082,
  0x1082,0x1082,0x1082,0x1082,0x1082,0x1082,0x1082,0x1082,0x1082,0x1082,0x1082,0x1082,
  0x1082,0x1082,0x1082,0x1082,0x1082,0x1082,0x1082,0x1082,0x1082,0x1082,0x1082,0x1082,
  0x1082,0x1082,0x1082,0x1082,0x1082,0x1082,0x1082,0x1082,0x1082,0x1082,0x1082,0x1082,
  0x1082,0x1082,0x1082,0x1082,0x1082,0x1082,0x1082,0x1082,0x1082,0x1082,0x1082,0x1082,
  0x1082,0x1082,0x1082,0x1082,0x1082,0x1082,0x1082,0x1082,0x1082,0x1082,0x1082,0x1082,
  0x1082,0x1082,0x1082,0x1082,0x1082,0x1082,0x1082,0x1082,0x1082,0x1082,0x1082,0x1082,
  0x1082,0x1082,0x1082,0x1082,0x1082,0x1082,0x1082,0x1082,0x1082,0x1082,0x1082,0x1082,
  0x1082,0x1082,0x1082,0x1082,0x1082,0x1082,0x1082,0x1082,0x1082,0x1082,0x1082,0x1082,
  0x1082,0x1082,0x1082,0x1082,0x1082,0x1082,0x1082,0x1082,0x1082,0x1082,0x1082,0x1082,
};

#endif
